"annee";"code_postal_acheteur";"amm";"quantite_produit";"conditionnement";"eaj";"achat_etranger"
2022;"00000";"1030003";"1042.39";"l";"Oui";"Non"
2022;"00000";"2000003";"20";"l";"Non";"Non"
2022;"00000";"2000017";"27.1";"l";"Oui";"Non"
2022;"00000";"2000018";"14217.04";"kg";"Non";"Non"
2022;"00000";"2000044";"187";"l";"Non";"Non"
2022;"00000";"2000046";"30";"l";"Non";"Non"
2022;"00000";"2000067";"10";"l";"Non";"Non"
2022;"00000";"2000087";"50";"kg";"Non";"Non"
2022;"00000";"2000122";"2334.32";"l";"Non";"Non"
2022;"00000";"2000125";"9953.15";"kg";"Oui";"Non"
2022;"00000";"2000201";"2404.06";"l";"Non";"Non"
2022;"00000";"2000202";"545";"l";"Non";"Non"
2022;"00000";"2000210";"10";"l";"Non";"Non"
2022;"00000";"2000283";"10";"l";"Non";"Non"
2022;"00000";"2000299";"189.5";"l";"Non";"Non"
2022;"00000";"2000301";"180";"l";"Non";"Non"
2022;"00000";"2000316";"681.95";"l";"Non";"Non"
2022;"00000";"2000324";"6";"l";"Non";"Non"
2022;"00000";"2000327";"942.02";"l";"Non";"Non"
2022;"00000";"2000369";"0.2";"kg";"Non";"Non"
2022;"00000";"2000380";"66";"l";"Non";"Oui"
2022;"00000";"2000510";"60";"kg";"Oui";"Non"
2022;"00000";"2000517";"9695.30";"l";"Non";"Oui"
2022;"00000";"2000536";"40.28";"kg";"Non";"Non"
2022;"00000";"2010019";"10";"l";"Non";"Non"
2022;"00000";"2010023";"1135.32";"l";"Non";"Non"
2022;"00000";"2010027";"1";"l";"Non";"Non"
2022;"00000";"2010030";"255";"l";"Non";"Non"
2022;"00000";"2010035";"25";"l";"Non";"Non"
2022;"00000";"2010047";"5";"l";"Non";"Non"
2022;"00000";"2010099";"325.50";"l";"Oui";"Non"
2022;"00000";"2010100";"255.50";"l";"Oui";"Non"
2022;"00000";"2010101";"210.00";"l";"Oui";"Non"
2022;"00000";"2010123";"3250";"kg";"Oui";"Non"
2022;"00000";"2010130";"1990.35";"kg";"Non";"Non"
2022;"00000";"2010158";"65";"l";"Non";"Non"
2022;"00000";"2010239";"60";"l";"Non";"Non"
2022;"00000";"2010280";"85.99";"l";"Non";"Non"
2022;"00000";"2010282";"133";"l";"Non";"Non"
2022;"00000";"2010398";"1714.19";"kg";"Non";"Non"
2022;"00000";"2010410";"1210.48";"kg";"Oui";"Non"
2022;"00000";"2010420";"15";"l";"Oui";"Non"
2022;"00000";"2010427";"70";"l";"Non";"Non"
2022;"00000";"2010509";"975.0";"kg";"Non";"Non"
2022;"00000";"2010513";"432.0";"kg";"Non";"Non"
2022;"00000";"2010530";"0.8";"l";"Oui";"Non"
2022;"00000";"2020003";"6311.71";"kg";"Oui";"Non"
2022;"00000";"2020021";"15";"l";"Non";"Non"
2022;"00000";"2020064";"1";"l";"Non";"Non"
2022;"00000";"2020099";"751.35";"l";"Non";"Non"
2022;"00000";"2020114";"60";"l";"Non";"Non"
2022;"00000";"2020199";"36.3";"kg";"Non";"Non"
2022;"00000";"2020219";"37";"l";"Non";"Non"
2022;"00000";"2020226";"35";"l";"Non";"Non"
2022;"00000";"2020241";"10.0";"kg";"Non";"Non"
2022;"00000";"2020298";"15";"l";"Oui";"Non"
2022;"00000";"2020474";"5";"l";"Non";"Non"
2022;"00000";"2030011";"535";"l";"Non";"Non"
2022;"00000";"2030071";"1840";"kg";"Non";"Oui"
2022;"00000";"2030089";"3";"l";"Non";"Non"
2022;"00000";"2030175";"320.66";"kg";"Oui";"Non"
2022;"00000";"2030184";"3";"kg";"Oui";"Non"
2022;"00000";"2030273";"10.50";"l";"Oui";"Non"
2022;"00000";"2030323";"45827.5707";"l";"Non";"Non"
2022;"00000";"2030332";"959";"l";"Non";"Non"
2022;"00000";"2030342";"1890";"l";"Non";"Non"
2022;"00000";"2030404";"210";"l";"Non";"Non"
2022;"00000";"2030457";"18.5";"kg";"Non";"Non"
2022;"00000";"2030466";"1536.69";"kg";"Oui";"Non"
2022;"00000";"2040080";"1460.25";"kg";"Non";"Non"
2022;"00000";"2040146";"23981.5699";"l";"Non";"Non"
2022;"00000";"2040201";"60";"l";"Non";"Non"
2022;"00000";"2050046";"134.0";"kg";"Non";"Non"
2022;"00000";"2050075";"13.52";"kg";"Non";"Non"
2022;"00000";"2050076";"10";"kg";"Non";"Non"
2022;"00000";"2060002";"82.22";"l";"Non";"Non"
2022;"00000";"2060019";"0.08";"l";"Non";"Non"
2022;"00000";"2060026";"3";"kg";"Non";"Non"
2022;"00000";"2060034";"1387.5";"kg";"Non";"Non"
2022;"00000";"2060045";"1054.50";"kg";"Non";"Non"
2022;"00000";"2060050";"942.34";"l";"Non";"Oui"
2022;"00000";"2060051";"91";"l";"Non";"Non"
2022;"00000";"2060063";"2.02";"kg";"Non";"Non"
2022;"00000";"2060064";"1";"l";"Non";"Non"
2022;"00000";"2060084";"609.5";"kg";"Non";"Oui"
2022;"00000";"2060085";"81.51";"l";"Non";"Non"
2022;"00000";"2060086";"93.28";"kg";"Non";"Non"
2022;"00000";"2060088";"1490";"l";"Non";"Non"
2022;"00000";"2060098";"275.17";"l";"Non";"Oui"
2022;"00000";"2060113";"15.55";"l";"Non";"Non"
2022;"00000";"2060116";"220.48";"l";"Non";"Non"
2022;"00000";"2060118";"374";"l";"Non";"Non"
2022;"00000";"2060119";"1.66";"kg";"Non";"Non"
2022;"00000";"2060127";"2338.64";"l";"Non";"Non"
2022;"00000";"2060130";"49";"l";"Non";"Non"
2022;"00000";"2060131";"181";"l";"Non";"Non"
2022;"00000";"2060132";"118";"l";"Non";"Non"
2022;"00000";"2060134";"630";"kg";"Non";"Non"
2022;"00000";"2060172";"640.20";"l";"Non";"Oui"
2022;"00000";"2060194";"1700";"kg";"Non";"Non"
2022;"00000";"2070107";"174";"l";"Non";"Non"
2022;"00000";"2070133";"825";"l";"Non";"Non"
2022;"00000";"2070143";"10";"l";"Non";"Non"
2022;"00000";"2070184";"1300";"l";"Non";"Non"
2022;"00000";"2070221";"39";"l";"Non";"Non"
2022;"00000";"2080010";"200";"l";"Non";"Non"
2022;"00000";"2080019";"1.2";"l";"Non";"Non"
2022;"00000";"2080025";"100";"l";"Non";"Non"
2022;"00000";"2080026";"212";"l";"Non";"Non"
2022;"00000";"2080029";"35.47";"l";"Non";"Non"
2022;"00000";"2080038";"1379.52";"l";"Non";"Non"
2022;"00000";"2080049";"45.59";"l";"Non";"Non"
2022;"00000";"2080054";"8.4";"l";"Oui";"Non"
2022;"00000";"2080060";"24";"l";"Non";"Non"
2022;"00000";"2080063";"110.49";"kg";"Non";"Non"
2022;"00000";"2080070";"135";"kg";"Non";"Non"
2022;"00000";"2080091";"1.5";"kg";"Oui";"Non"
2022;"00000";"2080094";"3.0";"kg";"Non";"Non"
2022;"00000";"2080098";"2600";"l";"Non";"Oui"
2022;"00000";"2080102";"140";"l";"Non";"Oui"
2022;"00000";"2080105";"5344";"l";"Non";"Non"
2022;"00000";"2080114";"1650";"l";"Non";"Non"
2022;"00000";"2080117";"1.75";"kg";"Non";"Non"
2022;"00000";"2080121";"3.12";"kg";"Non";"Non"
2022;"00000";"2080123";"7.5";"kg";"Non";"Non"
2022;"00000";"2080125";"1.4";"kg";"Non";"Non"
2022;"00000";"2080129";"1";"l";"Non";"Non"
2022;"00000";"2080136";"1";"kg";"Non";"Non"
2022;"00000";"2080145";"252";"l";"Non";"Non"
2022;"00000";"2080147";"20";"l";"Non";"Non"
2022;"00000";"2090001";"19";"l";"Non";"Non"
2022;"00000";"2090008";"0.69";"l";"Non";"Non"
2022;"00000";"2090011";"140.16";"l";"Non";"Non"
2022;"00000";"2090016";"347.74";"l";"Non";"Non"
2022;"00000";"2090019";"211";"l";"Non";"Non"
2022;"00000";"2090037";"58.7";"kg";"Non";"Non"
2022;"00000";"2090039";"75";"l";"Non";"Non"
2022;"00000";"2090041";"25.5";"kg";"Non";"Non"
2022;"00000";"2090042";"6";"kg";"Non";"Non"
2022;"00000";"2090050";"5191";"kg";"Non";"Non"
2022;"00000";"2090052";"75.12";"kg";"Non";"Non"
2022;"00000";"2090054";"0.50";"kg";"Non";"Non"
2022;"00000";"2090055";"40";"l";"Non";"Non"
2022;"00000";"2090057";"8.35";"kg";"Non";"Non"
2022;"00000";"2090063";"8.4";"kg";"Non";"Oui"
2022;"00000";"2090064";"160.4";"l";"Non";"Non"
2022;"00000";"2090072";"1.2";"kg";"Non";"Non"
2022;"00000";"2090079";"12.6";"l";"Oui";"Non"
2022;"00000";"2090080";"135";"l";"Non";"Non"
2022;"00000";"2090093";"2443.02";"l";"Non";"Non"
2022;"00000";"2090094";"313.3";"kg";"Non";"Non"
2022;"00000";"2090095";"200";"l";"Non";"Non"
2022;"00000";"2090096";"10";"l";"Non";"Non"
2022;"00000";"2090099";"5";"l";"Non";"Non"
2022;"00000";"2090101";"285";"l";"Non";"Oui"
2022;"00000";"2090105";"4350";"kg";"Non";"Non"
2022;"00000";"2090111";"35690.2605";"l";"Non";"Non"
2022;"00000";"2090112";"10";"l";"Non";"Non"
2022;"00000";"2090113";"1116.05";"l";"Non";"Non"
2022;"00000";"2090114";"13.5";"kg";"Non";"Non"
2022;"00000";"2090117";"216";"l";"Non";"Non"
2022;"00000";"2090118";"1220.87";"l";"Non";"Non"
2022;"00000";"2090119";"5165.07";"l";"Non";"Non"
2022;"00000";"2090123";"20";"l";"Non";"Non"
2022;"00000";"2090126";"5056.52";"l";"Non";"Non"
2022;"00000";"2090127";"4540.10";"l";"Non";"Non"
2022;"00000";"2090132";"8534.39";"l";"Non";"Non"
2022;"00000";"2090133";"210";"kg";"Non";"Non"
2022;"00000";"2090134";"521.16";"kg";"Non";"Non"
2022;"00000";"2090136";"2310";"l";"Non";"Non"
2022;"00000";"2090137";"2418.74";"kg";"Non";"Non"
2022;"00000";"2090146";"5623.60";"l";"Oui";"Non"
2022;"00000";"2090149";"25";"l";"Non";"Non"
2022;"00000";"2090153";"64.31";"kg";"Non";"Oui"
2022;"00000";"2090157";"18";"l";"Non";"Non"
2022;"00000";"2090159";"9.68";"kg";"Non";"Non"
2022;"00000";"2090168";"1005";"kg";"Non";"Non"
2022;"00000";"2090169";"91.5";"kg";"Non";"Non"
2022;"00000";"2090170";"879.56";"kg";"Non";"Non"
2022;"00000";"2090186";"110";"l";"Non";"Non"
2022;"00000";"2090188";"1380";"l";"Non";"Non"
2022;"00000";"2090199";"1697.05";"l";"Oui";"Non"
2022;"00000";"2090200";"3867.70";"l";"Oui";"Non"
2022;"00000";"2100002";"909.41";"l";"Non";"Non"
2022;"00000";"2100009";"16.68";"kg";"Non";"Non"
2022;"00000";"2100014";"9.6";"kg";"Non";"Non"
2022;"00000";"2100015";"2.27";"kg";"Non";"Non"
2022;"00000";"2100016";"8.75";"kg";"Non";"Non"
2022;"00000";"2100018";"327";"l";"Non";"Non"
2022;"00000";"2100021";"320";"kg";"Non";"Non"
2022;"00000";"2100026";"53.25";"l";"Non";"Non"
2022;"00000";"2100028";"145";"l";"Non";"Non"
2022;"00000";"2100030";"1805";"kg";"Non";"Non"
2022;"00000";"2100036";"4.6";"kg";"Non";"Non"
2022;"00000";"2100037";"32.02";"l";"Non";"Non"
2022;"00000";"2100038";"11075";"kg";"Non";"Non"
2022;"00000";"2100041";"4909.50";"l";"Non";"Non"
2022;"00000";"2100049";"80";"l";"Non";"Non"
2022;"00000";"2100051";"1065.95";"l";"Non";"Non"
2022;"00000";"2100052";"235.06";"l";"Non";"Non"
2022;"00000";"2100053";"60";"l";"Non";"Non"
2022;"00000";"2100056";"45";"l";"Non";"Non"
2022;"00000";"2100057";"140";"l";"Non";"Non"
2022;"00000";"2100059";"2554.75";"l";"Non";"Non"
2022;"00000";"2100060";"3929.23";"l";"Non";"Non"
2022;"00000";"2100066";"1.05";"kg";"Non";"Non"
2022;"00000";"2100067";"170.5";"kg";"Non";"Non"
2022;"00000";"2100069";"2.7";"kg";"Non";"Non"
2022;"00000";"2100072";"20";"l";"Non";"Oui"
2022;"00000";"2100078";"1.5";"l";"Non";"Non"
2022;"00000";"2100086";"50";"kg";"Non";"Oui"
2022;"00000";"2100099";"1";"l";"Oui";"Non"
2022;"00000";"2100108";"205";"l";"Non";"Non"
2022;"00000";"2100110";"232.79";"l";"Non";"Non"
2022;"00000";"2100111";"125";"l";"Non";"Non"
2022;"00000";"2100112";"193";"l";"Non";"Non"
2022;"00000";"2100114";"23";"kg";"Non";"Non"
2022;"00000";"2100121";"90.35";"l";"Non";"Non"
2022;"00000";"2100122";"3.3";"kg";"Non";"Non"
2022;"00000";"2100138";"725";"l";"Non";"Non"
2022;"00000";"2100140";"93.54";"l";"Non";"Non"
2022;"00000";"2100151";"167.43";"l";"Non";"Non"
2022;"00000";"2100175";"62.49";"l";"Non";"Non"
2022;"00000";"2100177";"12.50";"kg";"Non";"Non"
2022;"00000";"2100178";"24";"kg";"Non";"Non"
2022;"00000";"2100181";"7370.02";"kg";"Non";"Non"
2022;"00000";"2100186";"1214.17";"l";"Non";"Oui"
2022;"00000";"2100206";"125";"l";"Non";"Non"
2022;"00000";"2100214";"15";"l";"Non";"Non"
2022;"00000";"2100215";"180";"l";"Non";"Oui"
2022;"00000";"2100221";"7096.15";"kg";"Non";"Non"
2022;"00000";"2100231";"2971.73";"kg";"Non";"Non"
2022;"00000";"2100234";"105";"l";"Non";"Non"
2022;"00000";"2100245";"10";"l";"Non";"Non"
2022;"00000";"2110004";"60";"l";"Non";"Non"
2022;"00000";"2110005";"50";"l";"Non";"Non"
2022;"00000";"2110006";"1160";"kg";"Non";"Non"
2022;"00000";"2110009";"84";"l";"Non";"Non"
2022;"00000";"2110010";"1.0";"kg";"Non";"Non"
2022;"00000";"2110011";"10";"l";"Non";"Non"
2022;"00000";"2110012";"1988";"l";"Non";"Non"
2022;"00000";"2110018";"175.99";"l";"Non";"Non"
2022;"00000";"2110021";"6.99";"kg";"Non";"Non"
2022;"00000";"2110033";"25";"l";"Oui";"Non"
2022;"00000";"2110040";"19.27";"kg";"Oui";"Non"
2022;"00000";"2110042";"100";"l";"Non";"Oui"
2022;"00000";"2110054";"4";"kg";"Non";"Oui"
2022;"00000";"2110056";"450";"l";"Non";"Non"
2022;"00000";"2110059";"2476.10";"kg";"Non";"Non"
2022;"00000";"2110063";"15.50";"kg";"Non";"Non"
2022;"00000";"2110072";"1.8";"kg";"Non";"Non"
2022;"00000";"2110073";"462";"l";"Non";"Oui"
2022;"00000";"2110077";"40";"l";"Non";"Non"
2022;"00000";"2110082";"0.6";"kg";"Non";"Non"
2022;"00000";"2110083";"9.75";"l";"Oui";"Non"
2022;"00000";"2110084";"13";"l";"Oui";"Non"
2022;"00000";"2110086";"1676";"l";"Non";"Oui"
2022;"00000";"2110090";"27";"l";"Non";"Non"
2022;"00000";"2110092";"3";"kg";"Non";"Non"
2022;"00000";"2110095";"10";"l";"Non";"Non"
2022;"00000";"2110101";"1261.33";"l";"Non";"Non"
2022;"00000";"2110102";"150827.0314";"l";"Non";"Non"
2022;"00000";"2110103";"1.3";"kg";"Non";"Non"
2022;"00000";"2110104";"224";"l";"Non";"Non"
2022;"00000";"2110111";"210";"l";"Non";"Non"
2022;"00000";"2110115";"163";"l";"Non";"Oui"
2022;"00000";"2110141";"141.55";"l";"Non";"Non"
2022;"00000";"2110143";"30";"l";"Non";"Non"
2022;"00000";"2110144";"159";"l";"Non";"Non"
2022;"00000";"2110147";"273.06";"kg";"Non";"Non"
2022;"00000";"2110149";"5418.88";"l";"Oui";"Non"
2022;"00000";"2110150";"2674.02";"l";"Oui";"Non"
2022;"00000";"2110151";"1270";"l";"Non";"Non"
2022;"00000";"2110152";"32";"l";"Non";"Non"
2022;"00000";"2110154";"702";"l";"Non";"Non"
2022;"00000";"2110159";"0.70";"l";"Oui";"Non"
2022;"00000";"2110162";"76";"l";"Non";"Non"
2022;"00000";"2110167";"921.83";"l";"Non";"Non"
2022;"00000";"2110173";"1614.20";"kg";"Non";"Non"
2022;"00000";"2110174";"120";"l";"Oui";"Non"
2022;"00000";"2110178";"15";"l";"Non";"Non"
2022;"00000";"2110179";"0.68";"kg";"Non";"Non"
2022;"00000";"2110180";"430.10";"kg";"Oui";"Non"
2022;"00000";"2110191";"35";"l";"Non";"Non"
2022;"00000";"2110192";"0.3";"kg";"Non";"Non"
2022;"00000";"2110196";"47.31";"kg";"Oui";"Non"
2022;"00000";"2110197";"151.52";"l";"Non";"Oui"
2022;"00000";"2120041";"11055.6898";"l";"Non";"Non"
2022;"00000";"2120048";"877";"l";"Non";"Non"
2022;"00000";"2120051";"310";"l";"Non";"Non"
2022;"00000";"2120057";"35";"l";"Non";"Non"
2022;"00000";"2120066";"40";"l";"Non";"Non"
2022;"00000";"2120067";"36";"kg";"Non";"Non"
2022;"00000";"2120070";"187";"l";"Non";"Non"
2022;"00000";"2120071";"1";"l";"Non";"Non"
2022;"00000";"2120075";"420.05";"l";"Non";"Non"
2022;"00000";"2120081";"326";"l";"Non";"Non"
2022;"00000";"2120087";"80.75";"kg";"Non";"Non"
2022;"00000";"2120089";"580";"l";"Non";"Non"
2022;"00000";"2120092";"55";"l";"Non";"Non"
2022;"00000";"2120096";"62";"kg";"Non";"Non"
2022;"00000";"2120100";"90";"kg";"Non";"Oui"
2022;"00000";"2120117";"305";"l";"Non";"Non"
2022;"00000";"2120120";"96.2";"l";"Non";"Non"
2022;"00000";"2120130";"220.76";"kg";"Non";"Non"
2022;"00000";"2120132";"3660.08";"kg";"Non";"Non"
2022;"00000";"2120143";"6749.00";"l";"Non";"Non"
2022;"00000";"2120149";"10";"kg";"Non";"Oui"
2022;"00000";"2120153";"390";"l";"Non";"Non"
2022;"00000";"2120158";"900";"kg";"Non";"Non"
2022;"00000";"2120159";"87.53";"l";"Non";"Non"
2022;"00000";"2120160";"30";"l";"Non";"Non"
2022;"00000";"2120171";"239";"kg";"Non";"Non"
2022;"00000";"2120174";"158";"l";"Oui";"Non"
2022;"00000";"2120176";"3";"kg";"Non";"Non"
2022;"00000";"2120177";"259";"kg";"Non";"Non"
2022;"00000";"2120179";"288";"kg";"Non";"Non"
2022;"00000";"2120189";"20";"kg";"Non";"Non"
2022;"00000";"2120191";"3";"kg";"Non";"Oui"
2022;"00000";"2120199";"7375";"l";"Non";"Non"
2022;"00000";"2120209";"60";"kg";"Non";"Non"
2022;"00000";"2120219";"50.00";"l";"Non";"Non"
2022;"00000";"2130002";"5";"l";"Non";"Non"
2022;"00000";"2130031";"40";"kg";"Non";"Non"
2022;"00000";"2130049";"1669.49";"l";"Non";"Non"
2022;"00000";"2130059";"51";"l";"Non";"Non"
2022;"00000";"2130061";"85";"l";"Non";"Non"
2022;"00000";"2130063";"94.5";"l";"Non";"Non"
2022;"00000";"2130067";"992.95";"l";"Non";"Non"
2022;"00000";"2130068";"65.1";"l";"Non";"Non"
2022;"00000";"2130069";"144";"l";"Non";"Non"
2022;"00000";"2130075";"20";"kg";"Non";"Non"
2022;"00000";"2130079";"11.0";"l";"Non";"Non"
2022;"00000";"2130083";"89.95";"l";"Non";"Non"
2022;"00000";"2130086";"797";"kg";"Non";"Non"
2022;"00000";"2130088";"500.2";"kg";"Non";"Non"
2022;"00000";"2130091";"14";"l";"Non";"Non"
2022;"00000";"2130092";"44";"l";"Non";"Non"
2022;"00000";"2130102";"15";"kg";"Non";"Non"
2022;"00000";"2130108";"20";"kg";"Non";"Non"
2022;"00000";"2130115";"579.66";"kg";"Non";"Non"
2022;"00000";"2130125";"120";"kg";"Oui";"Non"
2022;"00000";"2130126";"5733.5";"kg";"Oui";"Non"
2022;"00000";"2130127";"1560";"kg";"Non";"Non"
2022;"00000";"2130129";"1245";"kg";"Non";"Non"
2022;"00000";"2130140";"670";"l";"Non";"Non"
2022;"00000";"2130152";"976.58";"l";"Non";"Non"
2022;"00000";"2130153";"4292.5299";"l";"Oui";"Non"
2022;"00000";"2130158";"22";"kg";"Non";"Non"
2022;"00000";"2130164";"1495";"l";"Non";"Non"
2022;"00000";"2130167";"1";"l";"Non";"Non"
2022;"00000";"2130168";"5";"kg";"Non";"Non"
2022;"00000";"2130175";"18.8";"l";"Non";"Non"
2022;"00000";"2130193";"145";"l";"Non";"Non"
2022;"00000";"2130202";"198.75";"l";"Non";"Non"
2022;"00000";"2130212";"75";"kg";"Non";"Non"
2022;"00000";"2130230";"5";"kg";"Non";"Non"
2022;"00000";"2130242";"70";"l";"Non";"Non"
2022;"00000";"2130244";"525";"l";"Non";"Non"
2022;"00000";"2130249";"30";"l";"Non";"Non"
2022;"00000";"2130251";"1";"l";"Non";"Oui"
2022;"00000";"2130258";"15";"l";"Non";"Oui"
2022;"00000";"2130266";"316";"l";"Non";"Non"
2022;"00000";"2130271";"29";"l";"Non";"Non"
2022;"00000";"2130276";"1";"l";"Non";"Non"
2022;"00000";"2130277";"3060";"kg";"Non";"Non"
2022;"00000";"2140001";"120.55";"kg";"Non";"Non"
2022;"00000";"2140018";"85";"l";"Non";"Non"
2022;"00000";"2140022";"40";"l";"Non";"Non"
2022;"00000";"2140027";"5";"kg";"Non";"Non"
2022;"00000";"2140037";"300";"kg";"Non";"Non"
2022;"00000";"2140038";"66.03";"l";"Non";"Non"
2022;"00000";"2140040";"550";"kg";"Non";"Non"
2022;"00000";"2140043";"0.07";"kg";"Non";"Non"
2022;"00000";"2140044";"19.37";"kg";"Non";"Non"
2022;"00000";"2140051";"9568.4702";"l";"Non";"Non"
2022;"00000";"2140052";"48";"l";"Non";"Non"
2022;"00000";"2140078";"5020.5101";"l";"Non";"Non"
2022;"00000";"2140082";"50";"l";"Non";"Non"
2022;"00000";"2140084";"1505";"l";"Non";"Non"
2022;"00000";"2140085";"149";"l";"Non";"Non"
2022;"00000";"2140090";"144";"l";"Non";"Non"
2022;"00000";"2140094";"1";"l";"Non";"Non"
2022;"00000";"2140098";"275";"l";"Non";"Non"
2022;"00000";"2140099";"75";"l";"Non";"Non"
2022;"00000";"2140104";"77.18";"l";"Non";"Non"
2022;"00000";"2140106";"49.00";"l";"Oui";"Non"
2022;"00000";"2140121";"45060.3802";"l";"Oui";"Non"
2022;"00000";"2140124";"10.5";"kg";"Non";"Non"
2022;"00000";"2140126";"5";"kg";"Non";"Non"
2022;"00000";"2140127";"126.54";"kg";"Non";"Non"
2022;"00000";"2140134";"13.2";"kg";"Non";"Non"
2022;"00000";"2140137";"250";"kg";"Non";"Non"
2022;"00000";"2140146";"3.78";"kg";"Non";"Non"
2022;"00000";"2140147";"882.07";"l";"Non";"Oui"
2022;"00000";"2140152";"10";"l";"Non";"Non"
2022;"00000";"2140156";"45";"l";"Non";"Non"
2022;"00000";"2140165";"12";"kg";"Non";"Oui"
2022;"00000";"2140166";"2274.35";"l";"Oui";"Non"
2022;"00000";"2140167";"2149.47";"l";"Oui";"Non"
2022;"00000";"2140168";"871.22";"l";"Non";"Non"
2022;"00000";"2140173";"241.33";"l";"Non";"Non"
2022;"00000";"2140175";"161.61";"l";"Non";"Non"
2022;"00000";"2140177";"34";"l";"Non";"Non"
2022;"00000";"2140179";"1362.49";"l";"Non";"Non"
2022;"00000";"2140184";"59.71";"kg";"Non";"Non"
2022;"00000";"2140188";"5";"l";"Non";"Non"
2022;"00000";"2140193";"462.7";"l";"Oui";"Non"
2022;"00000";"2140199";"12";"kg";"Non";"Non"
2022;"00000";"2140201";"4";"l";"Non";"Non"
2022;"00000";"2140207";"23";"l";"Non";"Non"
2022;"00000";"2140208";"22.2";"kg";"Non";"Non"
2022;"00000";"2140215";"3790.80";"kg";"Non";"Non"
2022;"00000";"2140238";"10.6";"l";"Non";"Non"
2022;"00000";"2140252";"16226.9599";"kg";"Oui";"Non"
2022;"00000";"2140254";"340";"l";"Non";"Non"
2022;"00000";"2140255";"140";"l";"Non";"Non"
2022;"00000";"2140257";"670";"l";"Non";"Non"
2022;"00000";"2140258";"90";"l";"Non";"Non"
2022;"00000";"2140270";"477.79";"l";"Non";"Non"
2022;"00000";"2150002";"40";"kg";"Non";"Non"
2022;"00000";"2150007";"74";"kg";"Non";"Non"
2022;"00000";"2150008";"119.75";"kg";"Non";"Non"
2022;"00000";"2150009";"35";"kg";"Non";"Non"
2022;"00000";"2150012";"4";"l";"Non";"Non"
2022;"00000";"2150019";"13623.8400";"l";"Non";"Non"
2022;"00000";"2150020";"1.2";"kg";"Non";"Non"
2022;"00000";"2150022";"6";"l";"Non";"Non"
2022;"00000";"2150028";"1680";"l";"Non";"Non"
2022;"00000";"2150054";"612";"l";"Non";"Non"
2022;"00000";"2150058";"550";"l";"Non";"Non"
2022;"00000";"2150067";"10230.23";"l";"Non";"Non"
2022;"00000";"2150074";"236.54";"l";"Non";"Non"
2022;"00000";"2150078";"10";"l";"Non";"Non"
2022;"00000";"2150081";"4.94";"l";"Non";"Non"
2022;"00000";"2150084";"41.4";"l";"Non";"Non"
2022;"00000";"2150085";"25";"l";"Non";"Non"
2022;"00000";"2150086";"9";"l";"Non";"Non"
2022;"00000";"2150104";"460";"l";"Non";"Non"
2022;"00000";"2150105";"1265.61";"kg";"Non";"Non"
2022;"00000";"2150118";"20689.54";"kg";"Non";"Non"
2022;"00000";"2150125";"1.6";"l";"Non";"Non"
2022;"00000";"2150130";"6.4";"l";"Non";"Non"
2022;"00000";"2150140";"13131.43";"l";"Non";"Non"
2022;"00000";"2150245";"5";"l";"Non";"Non"
2022;"00000";"2150248";"120";"l";"Non";"Non"
2022;"00000";"2150266";"10";"l";"Non";"Oui"
2022;"00000";"2150269";"15";"l";"Non";"Non"
2022;"00000";"2150277";"16";"l";"Non";"Non"
2022;"00000";"2150353";"60";"kg";"Non";"Non"
2022;"00000";"2150387";"1062.52";"l";"Non";"Non"
2022;"00000";"2150417";"337.68";"l";"Oui";"Non"
2022;"00000";"2150443";"10";"kg";"Non";"Non"
2022;"00000";"2150451";"2";"l";"Non";"Oui"
2022;"00000";"2150479";"360";"l";"Non";"Non"
2022;"00000";"2150481";"120";"kg";"Non";"Non"
2022;"00000";"2150483";"1600";"kg";"Non";"Non"
2022;"00000";"2150484";"7";"l";"Non";"Non"
2022;"00000";"2150571";"20";"kg";"Non";"Non"
2022;"00000";"2150646";"34";"l";"Non";"Oui"
2022;"00000";"2150742";"25";"l";"Non";"Oui"
2022;"00000";"2150752";"340";"l";"Non";"Non"
2022;"00000";"2150757";"871";"l";"Non";"Non"
2022;"00000";"2150785";"70";"l";"Non";"Non"
2022;"00000";"2150790";"17696.73";"kg";"Oui";"Non"
2022;"00000";"2150847";"5";"kg";"Non";"Non"
2022;"00000";"2150870";"10";"l";"Non";"Non"
2022;"00000";"2150891";"10";"l";"Non";"Non"
2022;"00000";"2150914";"840";"kg";"Non";"Non"
2022;"00000";"2150964";"3770";"kg";"Non";"Non"
2022;"00000";"2150968";"6220";"kg";"Non";"Non"
2022;"00000";"2150969";"271.90";"kg";"Oui";"Non"
2022;"00000";"2160008";"72";"l";"Non";"Non"
2022;"00000";"2160016";"91.27";"kg";"Non";"Non"
2022;"00000";"2160064";"14478.9301";"l";"Non";"Non"
2022;"00000";"2160114";"16";"l";"Non";"Non"
2022;"00000";"2160115";"21529.4601";"l";"Oui";"Non"
2022;"00000";"2160177";"12";"l";"Non";"Non"
2022;"00000";"2160226";"936";"kg";"Non";"Non"
2022;"00000";"2160248";"20";"l";"Non";"Non"
2022;"00000";"2160260";"105";"l";"Non";"Non"
2022;"00000";"2160263";"85";"l";"Non";"Non"
2022;"00000";"2160272";"2.50";"l";"Non";"Non"
2022;"00000";"2160278";"84";"kg";"Non";"Non"
2022;"00000";"2160384";"125";"l";"Non";"Non"
2022;"00000";"2160387";"235";"l";"Non";"Non"
2022;"00000";"2160390";"8.7";"kg";"Non";"Non"
2022;"00000";"2160395";"760";"l";"Non";"Non"
2022;"00000";"2160400";"30";"l";"Non";"Non"
2022;"00000";"2160409";"1014";"kg";"Non";"Non"
2022;"00000";"2160417";"12";"kg";"Non";"Non"
2022;"00000";"2160423";"374.62";"kg";"Non";"Non"
2022;"00000";"2160475";"11250";"kg";"Non";"Non"
2022;"00000";"2160479";"370";"l";"Non";"Non"
2022;"00000";"2160484";"4";"l";"Non";"Non"
2022;"00000";"2160492";"4.0";"kg";"Non";"Non"
2022;"00000";"2160508";"13";"l";"Non";"Oui"
2022;"00000";"2160512";"160";"kg";"Non";"Non"
2022;"00000";"2160527";"333";"l";"Non";"Non"
2022;"00000";"2160549";"25";"kg";"Non";"Oui"
2022;"00000";"2160556";"15";"l";"Non";"Non"
2022;"00000";"2160608";"126";"l";"Non";"Non"
2022;"00000";"2160615";"1000.05";"kg";"Oui";"Non"
2022;"00000";"2160617";"362.42";"l";"Non";"Non"
2022;"00000";"2160659";"14.54";"kg";"Non";"Non"
2022;"00000";"2160686";"30";"kg";"Non";"Non"
2022;"00000";"2160693";"84";"l";"Non";"Non"
2022;"00000";"2160706";"1";"l";"Non";"Non"
2022;"00000";"2160710";"24.44";"l";"Non";"Non"
2022;"00000";"2160713";"84";"l";"Non";"Non"
2022;"00000";"2160723";"0.75";"l";"Non";"Non"
2022;"00000";"2160724";"165";"l";"Non";"Non"
2022;"00000";"2160726";"1355";"l";"Non";"Non"
2022;"00000";"2160730";"75.18";"l";"Non";"Non"
2022;"00000";"2160752";"95";"l";"Non";"Non"
2022;"00000";"2160756";"545";"l";"Non";"Non"
2022;"00000";"2160781";"100";"l";"Non";"Non"
2022;"00000";"2160792";"5";"kg";"Non";"Non"
2022;"00000";"2160802";"25";"l";"Non";"Non"
2022;"00000";"2160817";"10";"l";"Non";"Non"
2022;"00000";"2160818";"3667";"l";"Non";"Non"
2022;"00000";"2160824";"30";"kg";"Non";"Oui"
2022;"00000";"2160841";"111";"kg";"Non";"Non"
2022;"00000";"2160842";"4";"kg";"Non";"Non"
2022;"00000";"2160860";"12";"l";"Non";"Non"
2022;"00000";"2160920";"135";"l";"Non";"Non"
2022;"00000";"2160931";"4131.75";"l";"Non";"Non"
2022;"00000";"2160936";"56";"l";"Non";"Non"
2022;"00000";"2160937";"229";"l";"Non";"Non"
2022;"00000";"2160959";"470";"l";"Non";"Non"
2022;"00000";"2160962";"62";"l";"Non";"Non"
2022;"00000";"2160963";"277.02";"l";"Non";"Non"
2022;"00000";"2160967";"6.16";"l";"Non";"Non"
2022;"00000";"2160985";"900";"l";"Non";"Non"
2022;"00000";"2161080";"204.78";"l";"Non";"Non"
2022;"00000";"2161101";"1485.05";"l";"Non";"Non"
2022;"00000";"2161106";"5";"l";"Non";"Non"
2022;"00000";"2169998";"0.05";"kg";"Non";"Non"
2022;"00000";"2169999";"2";"l";"Non";"Non"
2022;"00000";"2170031";"170";"l";"Non";"Non"
2022;"00000";"2170035";"0.6";"kg";"Non";"Non"
2022;"00000";"2170085";"2026.70";"l";"Non";"Non"
2022;"00000";"2170139";"148";"l";"Non";"Non"
2022;"00000";"2170158";"26.05";"l";"Non";"Non"
2022;"00000";"2170194";"10";"l";"Non";"Non"
2022;"00000";"2170200";"30";"l";"Non";"Non"
2022;"00000";"2170208";"37";"kg";"Non";"Non"
2022;"00000";"2170216";"7";"kg";"Non";"Non"
2022;"00000";"2170230";"34.86";"l";"Non";"Non"
2022;"00000";"2170237";"5.4";"kg";"Non";"Non"
2022;"00000";"2170243";"4234.43";"l";"Oui";"Non"
2022;"00000";"2170263";"30";"l";"Non";"Oui"
2022;"00000";"2170321";"200";"l";"Non";"Non"
2022;"00000";"2170332";"25";"l";"Non";"Non"
2022;"00000";"2170355";"155.30";"l";"Oui";"Non"
2022;"00000";"2170381";"650";"l";"Non";"Non"
2022;"00000";"2170392";"20";"kg";"Non";"Non"
2022;"00000";"2170410";"4";"l";"Non";"Non"
2022;"00000";"2170412";"361.8";"l";"Non";"Non"
2022;"00000";"2170421";"75";"l";"Non";"Non"
2022;"00000";"2170423";"30";"l";"Non";"Non"
2022;"00000";"2170424";"20";"l";"Non";"Non"
2022;"00000";"2170425";"25";"l";"Non";"Non"
2022;"00000";"2170428";"12.03";"kg";"Non";"Non"
2022;"00000";"2170429";"40";"l";"Non";"Non"
2022;"00000";"2170434";"23.3";"kg";"Non";"Non"
2022;"00000";"2170437";"21";"l";"Non";"Non"
2022;"00000";"2170455";"15";"l";"Non";"Non"
2022;"00000";"2170457";"130";"l";"Non";"Non"
2022;"00000";"2170458";"135.95";"kg";"Non";"Non"
2022;"00000";"2170459";"6692.4";"l";"Non";"Non"
2022;"00000";"2170462";"500";"l";"Non";"Non"
2022;"00000";"2170464";"20";"l";"Non";"Non"
2022;"00000";"2170501";"2.5";"kg";"Non";"Non"
2022;"00000";"2170547";"2.5";"kg";"Non";"Non"
2022;"00000";"2170654";"24.25";"kg";"Non";"Non"
2022;"00000";"2170684";"455";"l";"Non";"Non"
2022;"00000";"2170685";"1970.76";"l";"Oui";"Non"
2022;"00000";"2170691";"492.65";"l";"Non";"Non"
2022;"00000";"2170697";"32.29";"kg";"Non";"Non"
2022;"00000";"2170698";"35";"kg";"Non";"Non"
2022;"00000";"2170700";"103.19";"l";"Non";"Non"
2022;"00000";"2170711";"18";"kg";"Non";"Non"
2022;"00000";"2170712";"5";"l";"Non";"Non"
2022;"00000";"2170752";"22.30";"l";"Non";"Non"
2022;"00000";"2170757";"535";"l";"Non";"Non"
2022;"00000";"2170769";"30";"l";"Non";"Oui"
2022;"00000";"2170780";"2";"kg";"Non";"Non"
2022;"00000";"2170785";"1658.11";"kg";"Non";"Non"
2022;"00000";"2170843";"25";"l";"Non";"Oui"
2022;"00000";"2170917";"500";"l";"Non";"Non"
2022;"00000";"2170932";"0.23";"l";"Oui";"Non"
2022;"00000";"2170933";"68";"kg";"Non";"Non"
2022;"00000";"2170960";"1.14";"kg";"Non";"Non"
2022;"00000";"2170977";"525.07";"l";"Oui";"Non"
2022;"00000";"2170978";"382.74";"l";"Oui";"Non"
2022;"00000";"2170979";"38";"kg";"Non";"Non"
2022;"00000";"2170992";"18";"l";"Non";"Non"
2022;"00000";"2170997";"45";"kg";"Non";"Non"
2022;"00000";"2171010";"406.15";"l";"Non";"Non"
2022;"00000";"2171049";"60";"l";"Non";"Non"
2022;"00000";"2171054";"363.2";"l";"Non";"Non"
2022;"00000";"2171058";"15";"l";"Non";"Non"
2022;"00000";"2171066";"0.35";"l";"Non";"Non"
2022;"00000";"2171067";"958.08";"l";"Oui";"Non"
2022;"00000";"2171073";"60.30";"kg";"Non";"Non"
2022;"00000";"2171086";"8";"l";"Non";"Non"
2022;"00000";"2171089";"12";"kg";"Non";"Non"
2022;"00000";"2171111";"95";"l";"Non";"Non"
2022;"00000";"2171119";"708.29";"kg";"Non";"Non"
2022;"00000";"2171126";"7.56";"kg";"Non";"Non"
2022;"00000";"2171134";"215.81";"l";"Non";"Non"
2022;"00000";"2171140";"140";"kg";"Non";"Non"
2022;"00000";"2171141";"305";"l";"Non";"Non"
2022;"00000";"2171200";"938.64";"kg";"Non";"Non"
2022;"00000";"2171204";"0.48";"kg";"Non";"Non"
2022;"00000";"2171243";"110";"kg";"Non";"Non"
2022;"00000";"2171250";"74.85";"l";"Oui";"Non"
2022;"00000";"2171251";"1";"kg";"Non";"Non"
2022;"00000";"2171253";"428.67";"l";"Non";"Non"
2022;"00000";"2171306";"15";"l";"Non";"Non"
2022;"00000";"2171307";"12";"kg";"Non";"Non"
2022;"00000";"2171312";"35.30";"l";"Oui";"Non"
2022;"00000";"2180009";"8.54";"kg";"Non";"Non"
2022;"00000";"2180029";"55";"l";"Non";"Non"
2022;"00000";"2180039";"270";"l";"Non";"Non"
2022;"00000";"2180088";"60";"l";"Non";"Non"
2022;"00000";"2180094";"45";"l";"Non";"Non"
2022;"00000";"2180123";"127.13";"l";"Non";"Non"
2022;"00000";"2180124";"6185.36";"l";"Non";"Non"
2022;"00000";"2180147";"27";"kg";"Non";"Non"
2022;"00000";"2180189";"33";"kg";"Non";"Non"
2022;"00000";"2180196";"5";"l";"Non";"Non"
2022;"00000";"2180233";"51.3";"l";"Non";"Non"
2022;"00000";"2180244";"109";"l";"Oui";"Non"
2022;"00000";"2180245";"85";"l";"Non";"Non"
2022;"00000";"2180246";"50";"kg";"Non";"Non"
2022;"00000";"2180256";"9196.00";"kg";"Oui";"Non"
2022;"00000";"2180260";"960";"kg";"Non";"Non"
2022;"00000";"2180275";"1.76";"kg";"Oui";"Non"
2022;"00000";"2180283";"7080";"kg";"Oui";"Non"
2022;"00000";"2180289";"3.5";"l";"Oui";"Non"
2022;"00000";"2180319";"1643.56";"l";"Oui";"Non"
2022;"00000";"2180334";"160.8";"l";"Non";"Non"
2022;"00000";"2180335";"12";"l";"Non";"Non"
2022;"00000";"2180337";"60";"kg";"Non";"Non"
2022;"00000";"2180355";"60";"kg";"Non";"Oui"
2022;"00000";"2180369";"1320";"l";"Non";"Non"
2022;"00000";"2180379";"564.5";"l";"Non";"Non"
2022;"00000";"2180380";"355.71";"l";"Non";"Non"
2022;"00000";"2180401";"4";"l";"Non";"Non"
2022;"00000";"2180404";"375";"l";"Non";"Non"
2022;"00000";"2180408";"12";"l";"Oui";"Non"
2022;"00000";"2180436";"197.3";"l";"Non";"Non"
2022;"00000";"2180461";"100";"kg";"Non";"Non"
2022;"00000";"2180462";"40";"kg";"Non";"Non"
2022;"00000";"2180463";"680";"kg";"Non";"Non"
2022;"00000";"2180474";"20";"l";"Non";"Non"
2022;"00000";"2180549";"1.13";"kg";"Non";"Non"
2022;"00000";"2180598";"40";"l";"Non";"Non"
2022;"00000";"2180619";"1160";"l";"Non";"Non"
2022;"00000";"2180625";"13";"l";"Non";"Oui"
2022;"00000";"2180631";"70";"l";"Non";"Non"
2022;"00000";"2180633";"282";"l";"Non";"Non"
2022;"00000";"2180651";"48.55";"kg";"Non";"Non"
2022;"00000";"2180662";"25";"l";"Non";"Non"
2022;"00000";"2180672";"15";"l";"Non";"Non"
2022;"00000";"2180694";"85";"l";"Non";"Non"
2022;"00000";"2180720";"388.84";"l";"Non";"Non"
2022;"00000";"2180730";"10";"l";"Non";"Non"
2022;"00000";"2180735";"250";"l";"Non";"Oui"
2022;"00000";"2180751";"36";"l";"Non";"Non"
2022;"00000";"2180766";"8.46";"l";"Non";"Non"
2022;"00000";"2180807";"960";"l";"Non";"Non"
2022;"00000";"2180829";"381.32";"l";"Non";"Non"
2022;"00000";"2180834";"10";"kg";"Non";"Non"
2022;"00000";"2180858";"54.78";"kg";"Oui";"Non"
2022;"00000";"2180864";"55.05";"l";"Non";"Non"
2022;"00000";"2180865";"58.64";"l";"Non";"Non"
2022;"00000";"2180888";"317.94";"l";"Oui";"Non"
2022;"00000";"2189993";"2528.95";"kg";"Oui";"Non"
2022;"00000";"2189994";"5";"kg";"Oui";"Non"
2022;"00000";"2189996";"442";"l";"Non";"Non"
2022;"00000";"2189997";"180";"kg";"Non";"Non"
2022;"00000";"2189998";"1";"kg";"Non";"Non"
2022;"00000";"2190010";"40";"kg";"Non";"Non"
2022;"00000";"2190016";"383";"l";"Non";"Oui"
2022;"00000";"2190025";"17.5";"kg";"Non";"Non"
2022;"00000";"2190040";"25";"l";"Non";"Non"
2022;"00000";"2190041";"40";"l";"Non";"Non"
2022;"00000";"2190047";"118.82";"l";"Non";"Non"
2022;"00000";"2190054";"461";"l";"Non";"Non"
2022;"00000";"2190062";"159";"l";"Non";"Non"
2022;"00000";"2190065";"840";"l";"Non";"Non"
2022;"00000";"2190066";"884.1";"kg";"Oui";"Non"
2022;"00000";"2190088";"715.18";"l";"Oui";"Non"
2022;"00000";"2190097";"221";"l";"Non";"Non"
2022;"00000";"2190146";"2.1";"kg";"Non";"Non"
2022;"00000";"2190148";"3";"l";"Non";"Non"
2022;"00000";"2190149";"30";"l";"Non";"Non"
2022;"00000";"2190160";"870";"l";"Non";"Non"
2022;"00000";"2190173";"6155.3";"kg";"Non";"Non"
2022;"00000";"2190190";"101.35";"l";"Oui";"Non"
2022;"00000";"2190198";"3960";"l";"Non";"Non"
2022;"00000";"2190214";"383.1";"l";"Non";"Non"
2022;"00000";"2190215";"1";"l";"Non";"Non"
2022;"00000";"2190246";"180";"l";"Non";"Non"
2022;"00000";"2190265";"45";"kg";"Non";"Non"
2022;"00000";"2190268";"65.7";"l";"Non";"Non"
2022;"00000";"2190311";"31.45";"l";"Non";"Non"
2022;"00000";"2190319";"13957.34";"l";"Oui";"Non"
2022;"00000";"2190334";"120";"l";"Non";"Non"
2022;"00000";"2190346";"23.41";"kg";"Oui";"Non"
2022;"00000";"2190395";"6";"l";"Non";"Non"
2022;"00000";"2190441";"15";"l";"Non";"Non"
2022;"00000";"2190468";"23";"kg";"Non";"Non"
2022;"00000";"2190499";"5096.67";"l";"Non";"Non"
2022;"00000";"2190509";"1495.07";"l";"Non";"Non"
2022;"00000";"2190537";"120";"kg";"Non";"Non"
2022;"00000";"2190538";"40";"l";"Non";"Non"
2022;"00000";"2190549";"12";"kg";"Non";"Oui"
2022;"00000";"2190567";"43.03";"l";"Non";"Non"
2022;"00000";"2190594";"86.15";"l";"Non";"Non"
2022;"00000";"2190598";"1.11";"l";"Non";"Non"
2022;"00000";"2190607";"38";"l";"Non";"Non"
2022;"00000";"2190608";"13";"l";"Non";"Non"
2022;"00000";"2190632";"1000";"kg";"Non";"Non"
2022;"00000";"2190634";"109.37";"l";"Non";"Non"
2022;"00000";"2190635";"105";"l";"Non";"Non"
2022;"00000";"2190639";"85.08";"l";"Non";"Non"
2022;"00000";"2190652";"50";"kg";"Non";"Non"
2022;"00000";"2190659";"14";"l";"Non";"Non"
2022;"00000";"2190686";"572.59";"l";"Non";"Non"
2022;"00000";"2190687";"252";"kg";"Non";"Non"
2022;"00000";"2190717";"78";"l";"Non";"Oui"
2022;"00000";"2190722";"1730";"l";"Non";"Oui"
2022;"00000";"2190730";"265";"l";"Non";"Non"
2022;"00000";"2190760";"5649.1";"kg";"Oui";"Non"
2022;"00000";"2190808";"6334.60";"l";"Oui";"Non"
2022;"00000";"2190811";"1694.53";"l";"Oui";"Non"
2022;"00000";"2190858";"12";"kg";"Non";"Non"
2022;"00000";"2190863";"215";"l";"Non";"Oui"
2022;"00000";"2190874";"454.4";"l";"Oui";"Non"
2022;"00000";"2190883";"98";"l";"Non";"Non"
2022;"00000";"2190925";"10";"l";"Non";"Non"
2022;"00000";"2190963";"4";"kg";"Non";"Non"
2022;"00000";"2190972";"8";"kg";"Non";"Oui"
2022;"00000";"2190975";"4.62";"l";"Non";"Non"
2022;"00000";"2199998";"10";"l";"Non";"Non"
2022;"00000";"2200017";"50";"kg";"Non";"Oui"
2022;"00000";"2200048";"30";"l";"Non";"Non"
2022;"00000";"2200059";"8687.1901";"l";"Oui";"Non"
2022;"00000";"2200063";"90";"l";"Non";"Non"
2022;"00000";"2200066";"434.83";"l";"Non";"Non"
2022;"00000";"2200067";"34.4";"kg";"Oui";"Non"
2022;"00000";"2200068";"30.87";"kg";"Oui";"Non"
2022;"00000";"2200078";"5.71";"l";"Non";"Non"
2022;"00000";"2200123";"2.04";"l";"Non";"Non"
2022;"00000";"2200132";"47.88";"l";"Non";"Non"
2022;"00000";"2200150";"60";"kg";"Non";"Non"
2022;"00000";"2200197";"5";"l";"Non";"Non"
2022;"00000";"2200215";"55";"l";"Non";"Non"
2022;"00000";"2200274";"200";"kg";"Non";"Non"
2022;"00000";"2200275";"12.2";"kg";"Non";"Non"
2022;"00000";"2200296";"6.5";"l";"Non";"Non"
2022;"00000";"2200304";"13";"l";"Non";"Non"
2022;"00000";"2200305";"5";"l";"Non";"Oui"
2022;"00000";"2200388";"3.41";"kg";"Non";"Non"
2022;"00000";"2200389";"1585.03";"kg";"Non";"Non"
2022;"00000";"2200393";"90";"l";"Non";"Oui"
2022;"00000";"2200476";"200";"l";"Non";"Non"
2022;"00000";"2200510";"1";"kg";"Non";"Oui"
2022;"00000";"2200518";"45";"l";"Non";"Non"
2022;"00000";"2200521";"10";"l";"Non";"Non"
2022;"00000";"2200526";"6188.74";"l";"Oui";"Non"
2022;"00000";"2200593";"410";"l";"Non";"Oui"
2022;"00000";"2200620";"5";"l";"Non";"Non"
2022;"00000";"2200736";"7.44";"l";"Non";"Non"
2022;"00000";"2200753";"2055.06";"l";"Non";"Non"
2022;"00000";"2200756";"140";"l";"Non";"Non"
2022;"00000";"2200760";"17";"l";"Non";"Non"
2022;"00000";"2200839";"180";"l";"Non";"Oui"
2022;"00000";"2200861";"5160";"kg";"Non";"Non"
2022;"00000";"2200862";"1100";"kg";"Non";"Non"
2022;"00000";"2200891";"10";"l";"Non";"Non"
2022;"00000";"2200904";"480";"l";"Non";"Non"
2022;"00000";"2200905";"5.4";"l";"Non";"Non"
2022;"00000";"2200914";"24";"kg";"Non";"Non"
2022;"00000";"2201009";"5";"l";"Non";"Non"
2022;"00000";"2210008";"21";"l";"Non";"Non"
2022;"00000";"2210009";"1600";"l";"Non";"Non"
2022;"00000";"2210011";"10";"l";"Non";"Non"
2022;"00000";"2210012";"15";"l";"Non";"Non"
2022;"00000";"2210013";"25";"l";"Non";"Non"
2022;"00000";"2210027";"230";"l";"Non";"Non"
2022;"00000";"2210063";"100";"l";"Non";"Non"
2022;"00000";"2210128";"90";"l";"Non";"Non"
2022;"00000";"2210138";"140";"l";"Non";"Non"
2022;"00000";"2210146";"60";"l";"Non";"Non"
2022;"00000";"2210192";"100";"l";"Non";"Non"
2022;"00000";"2210251";"14.02";"l";"Non";"Non"
2022;"00000";"2210348";"90";"l";"Non";"Non"
2022;"00000";"2210355";"180";"l";"Non";"Non"
2022;"00000";"2210380";"1";"l";"Non";"Non"
2022;"00000";"2210423";"156";"l";"Non";"Non"
2022;"00000";"2210443";"840";"l";"Non";"Non"
2022;"00000";"2210452";"5";"l";"Non";"Non"
2022;"00000";"2210563";"2.8";"l";"Oui";"Non"
2022;"00000";"2210567";"25.08";"l";"Non";"Non"
2022;"00000";"2210568";"105";"l";"Non";"Non"
2022;"00000";"2210610";"2";"kg";"Non";"Non"
2022;"00000";"2210614";"18";"l";"Non";"Non"
2022;"00000";"2210742";"40";"l";"Non";"Non"
2022;"00000";"2210743";"160";"l";"Non";"Non"
2022;"00000";"2210753";"70";"kg";"Non";"Non"
2022;"00000";"2210797";"2.06";"l";"Non";"Non"
2022;"00000";"2210840";"10";"l";"Non";"Non"
2022;"00000";"2210858";"465";"l";"Non";"Non"
2022;"00000";"2210880";"4";"l";"Non";"Non"
2022;"00000";"2210895";"4.6";"l";"Oui";"Non"
2022;"00000";"2211140";"110";"l";"Non";"Non"
2022;"00000";"2219999";"0.02";"l";"Non";"Non"
2022;"00000";"2220146";"150";"l";"Non";"Non"
2022;"00000";"2220210";"19.92";"kg";"Non";"Non"
2022;"00000";"2220261";"300";"l";"Non";"Non"
2022;"00000";"2220321";"5.5";"l";"Non";"Non"
2022;"00000";"2220324";"150";"l";"Non";"Non"
2022;"00000";"2220753";"0.01";"l";"Non";"Non"
2022;"00000";"2220766";"2";"kg";"Non";"Non"
2022;"00000";"5100219";"13318.34";"kg";"Non";"Non"
2022;"00000";"5500179";"150";"l";"Non";"Non"
2022;"00000";"6200075";"105";"kg";"Non";"Non"
2022;"00000";"6200445";"1006";"kg";"Non";"Non"
2022;"00000";"6400401";"17";"kg";"Non";"Non"
2022;"00000";"6600031";"11";"kg";"Non";"Non"
2022;"00000";"6800403";"40";"kg";"Non";"Non"
2022;"00000";"7100280";"205";"l";"Non";"Non"
2022;"00000";"7200313";"195";"l";"Non";"Non"
2022;"00000";"7400115";"200";"l";"Non";"Non"
2022;"00000";"7400610";"0.2";"l";"Oui";"Non"
2022;"00000";"7400755";"525";"kg";"Non";"Non"
2022;"00000";"7500716";"490";"kg";"Non";"Non"
2022;"00000";"7600008";"79";"l";"Non";"Non"
2022;"00000";"7600310";"2840";"kg";"Non";"Non"
2022;"00000";"7700216";"3823.46";"l";"Non";"Non"
2022;"00000";"7700703";"46590.5";"l";"Non";"Non"
2022;"00000";"7700706";"500";"kg";"Non";"Non"
2022;"00000";"7900200";"1.4";"kg";"Oui";"Non"
2022;"00000";"7900323";"15";"l";"Non";"Non"
2022;"00000";"7900708";"225";"l";"Non";"Non"
2022;"00000";"7900753";"101";"l";"Non";"Non"
2022;"00000";"8000084";"430";"l";"Non";"Non"
2022;"00000";"8100291";"0.5";"l";"Non";"Non"
2022;"00000";"8100345";"60.55";"kg";"Non";"Non"
2022;"00000";"8100462";"308.55";"kg";"Non";"Non"
2022;"00000";"8100472";"50";"l";"Non";"Non"
2022;"00000";"8200024";"140";"kg";"Non";"Non"
2022;"00000";"8200489";"0.5";"l";"Non";"Non"
2022;"00000";"8200538";"15";"l";"Non";"Non"
2022;"00000";"8300025";"23";"l";"Non";"Oui"
2022;"00000";"8300063";"2515";"l";"Non";"Non"
2022;"00000";"8300488";"1570";"l";"Non";"Non"
2022;"00000";"8400096";"36";"l";"Non";"Non"
2022;"00000";"8400255";"5.46";"kg";"Non";"Non"
2022;"00000";"8400528";"711.85";"l";"Non";"Oui"
2022;"00000";"8400574";"769.66";"l";"Non";"Non"
2022;"00000";"8400600";"18";"l";"Non";"Non"
2022;"00000";"8500174";"30.75";"l";"Non";"Non"
2022;"00000";"8500321";"290";"kg";"Non";"Non"
2022;"00000";"8500351";"0.52";"kg";"Non";"Non"
2022;"00000";"8500470";"3000";"l";"Non";"Non"
2022;"00000";"8600063";"489.6";"kg";"Oui";"Non"
2022;"00000";"8600232";"30";"l";"Non";"Non"
2022;"00000";"8600243";"262.17";"l";"Non";"Non"
2022;"00000";"8600313";"200";"l";"Non";"Non"
2022;"00000";"8600330";"254";"l";"Non";"Non"
2022;"00000";"8600349";"101.23";"kg";"Oui";"Non"
2022;"00000";"8600395";"157.88";"kg";"Oui";"Non"
2022;"00000";"8700002";"310";"l";"Non";"Non"
2022;"00000";"8700020";"107";"l";"Non";"Non"
2022;"00000";"8700107";"3555.10";"kg";"Non";"Non"
2022;"00000";"8700111";"378.37";"kg";"Non";"Non"
2022;"00000";"8700196";"73";"l";"Non";"Non"
2022;"00000";"8700462";"6536.3";"l";"Non";"Oui"
2022;"00000";"8800029";"590";"l";"Non";"Non"
2022;"00000";"8800161";"465";"l";"Non";"Non"
2022;"00000";"8800199";"153.49";"l";"Non";"Non"
2022;"00000";"8800395";"623.25";"l";"Non";"Non"
2022;"00000";"8800417";"20";"l";"Non";"Non"
2022;"00000";"8800469";"28.29";"l";"Oui";"Non"
2022;"00000";"8800504";"136.5";"l";"Non";"Non"
2022;"00000";"8800519";"918.72";"kg";"Non";"Non"
2022;"00000";"8800603";"30";"l";"Non";"Non"
2022;"00000";"8800841";"88.5";"l";"Non";"Non"
2022;"00000";"8800941";"180";"kg";"Non";"Non"
2022;"00000";"8900137";"1360";"l";"Non";"Non"
2022;"00000";"8900564";"656.6";"l";"Non";"Non"
2022;"00000";"8900620";"174.77";"l";"Non";"Non"
2022;"00000";"8900681";"185.15";"l";"Non";"Oui"
2022;"00000";"8900685";"224.78";"kg";"Non";"Non"
2022;"00000";"9000069";"55";"l";"Non";"Non"
2022;"00000";"9000163";"3.6";"kg";"Non";"Non"
2022;"00000";"9000184";"150";"l";"Non";"Non"
2022;"00000";"9000222";"37745.7702";"l";"Non";"Non"
2022;"00000";"9000259";"5.08";"kg";"Non";"Non"
2022;"00000";"9000277";"570";"kg";"Non";"Non"
2022;"00000";"9000282";"28565.0";"l";"Non";"Non"
2022;"00000";"9000361";"174.6";"kg";"Non";"Non"
2022;"00000";"9000490";"2383.63";"l";"Non";"Non"
2022;"00000";"9000619";"560";"l";"Non";"Non"
2022;"00000";"9000741";"126";"l";"Non";"Non"
2022;"00000";"9000753";"30";"kg";"Non";"Non"
2022;"00000";"9000833";"5";"l";"Non";"Non"
2022;"00000";"9100034";"290";"l";"Non";"Non"
2022;"00000";"9100296";"875";"l";"Non";"Non"
2022;"00000";"9100418";"110";"l";"Non";"Non"
2022;"00000";"9100525";"3.5";"kg";"Non";"Non"
2022;"00000";"9100554";"1";"kg";"Non";"Non"
2022;"00000";"9100636";"5";"l";"Non";"Non"
2022;"00000";"9120616";"7";"kg";"Oui";"Non"
2022;"00000";"9200058";"1.0";"kg";"Non";"Non"
2022;"00000";"9200060";"109";"kg";"Non";"Non"
2022;"00000";"9200062";"2";"kg";"Non";"Non"
2022;"00000";"9200073";"7.8";"kg";"Non";"Non"
2022;"00000";"9200078";"30";"l";"Non";"Non"
2022;"00000";"9200086";"1008";"kg";"Non";"Non"
2022;"00000";"9200135";"75";"kg";"Oui";"Non"
2022;"00000";"9200159";"35";"l";"Non";"Non"
2022;"00000";"9200214";"14442.57";"kg";"Non";"Non"
2022;"00000";"9200215";"569.93";"kg";"Non";"Non"
2022;"00000";"9200380";"600";"kg";"Non";"Non"
2022;"00000";"9200383";"4.5";"kg";"Non";"Non"
2022;"00000";"9200436";"1099.11";"l";"Non";"Oui"
2022;"00000";"9200482";"676.63";"kg";"Non";"Non"
2022;"00000";"9200532";"6508.9";"l";"Non";"Non"
2022;"00000";"9200548";"0.32";"l";"Non";"Non"
2022;"00000";"9300005";"4032";"kg";"Non";"Non"
2022;"00000";"9300032";"15";"l";"Non";"Non"
2022;"00000";"9300108";"495";"kg";"Non";"Non"
2022;"00000";"9300143";"791.95";"kg";"Non";"Non"
2022;"00000";"9300186";"146";"kg";"Non";"Non"
2022;"00000";"9300189";"376";"l";"Non";"Non"
2022;"00000";"9300241";"125.0";"l";"Non";"Non"
2022;"00000";"9300285";"24";"l";"Non";"Non"
2022;"00000";"9300305";"5.04";"l";"Non";"Non"
2022;"00000";"9300322";"150";"l";"Non";"Non"
2022;"00000";"9300335";"60";"l";"Non";"Non"
2022;"00000";"9300487";"317";"l";"Non";"Non"
2022;"00000";"9300490";"400";"kg";"Non";"Non"
2022;"00000";"9300504";"23745";"l";"Non";"Non"
2022;"00000";"9300571";"425";"kg";"Non";"Non"
2022;"00000";"9400008";"319.33";"l";"Non";"Non"
2022;"00000";"9400012";"112.1";"l";"Non";"Non"
2022;"00000";"9400039";"82";"l";"Oui";"Non"
2022;"00000";"9400052";"142";"l";"Non";"Non"
2022;"00000";"9400083";"432";"l";"Non";"Non"
2022;"00000";"9400085";"255";"l";"Non";"Non"
2022;"00000";"9400109";"175";"kg";"Non";"Non"
2022;"00000";"9400202";"122.4";"kg";"Non";"Non"
2022;"00000";"9400280";"239.14";"kg";"Non";"Oui"
2022;"00000";"9400336";"40";"l";"Non";"Non"
2022;"00000";"9400456";"12";"kg";"Oui";"Non"
2022;"00000";"9400462";"3.64";"kg";"Non";"Non"
2022;"00000";"9400463";"440";"l";"Non";"Non"
2022;"00000";"9400485";"179.24";"l";"Non";"Non"
2022;"00000";"9400555";"15";"l";"Non";"Non"
2022;"00000";"9420113";"27";"kg";"Non";"Non"
2022;"00000";"9500040";"200";"l";"Non";"Non"
2022;"00000";"9500126";"105";"l";"Non";"Non"
2022;"00000";"9500135";"25";"kg";"Oui";"Non"
2022;"00000";"9500147";"2758.65";"kg";"Oui";"Non"
2022;"00000";"9500152";"1160";"l";"Non";"Non"
2022;"00000";"9500199";"76";"l";"Non";"Non"
2022;"00000";"9500234";"43.2";"l";"Non";"Non"
2022;"00000";"9500302";"1319.12";"kg";"Oui";"Non"
2022;"00000";"9500321";"3196";"kg";"Non";"Non"
2022;"00000";"9500323";"1100";"kg";"Non";"Non"
2022;"00000";"9500326";"28.08";"kg";"Non";"Non"
2022;"00000";"9500328";"154.44";"kg";"Non";"Non"
2022;"00000";"9500341";"458.12";"kg";"Oui";"Non"
2022;"00000";"9500364";"6.3";"l";"Oui";"Non"
2022;"00000";"9500414";"3";"l";"Non";"Non"
2022;"00000";"9500432";"8";"l";"Non";"Non"
2022;"00000";"9500452";"810";"kg";"Non";"Non"
2022;"00000";"9500467";"4.8";"kg";"Non";"Non"
2022;"00000";"9500485";"20";"l";"Oui";"Non"
2022;"00000";"9500568";"521.01";"kg";"Non";"Non"
2022;"00000";"9500595";"506";"l";"Non";"Non"
2022;"00000";"9500628";"123.5";"kg";"Non";"Non"
2022;"00000";"9500629";"8";"kg";"Non";"Non"
2022;"00000";"9500649";"9648.82";"kg";"Non";"Oui"
2022;"00000";"9600001";"169.3";"kg";"Non";"Non"
2022;"00000";"9600025";"264";"kg";"Non";"Non"
2022;"00000";"9600093";"845.80";"l";"Non";"Non"
2022;"00000";"9600097";"3.48";"l";"Oui";"Non"
2022;"00000";"9600116";"2110";"kg";"Non";"Non"
2022;"00000";"9600195";"10";"l";"Non";"Non"
2022;"00000";"9600197";"2";"kg";"Non";"Non"
2022;"00000";"9600229";"386.62";"l";"Non";"Non"
2022;"00000";"9600368";"84";"kg";"Non";"Non"
2022;"00000";"9600370";"870";"l";"Non";"Non"
2022;"00000";"9600390";"820";"l";"Non";"Non"
2022;"00000";"9600395";"128";"kg";"Non";"Non"
2022;"00000";"9600512";"1057.51";"kg";"Non";"Non"
2022;"00000";"9600526";"4.4";"kg";"Non";"Non"
2022;"00000";"9600550";"20";"l";"Non";"Non"
2022;"00000";"9700027";"1.5";"kg";"Non";"Non"
2022;"00000";"9700070";"26.79";"kg";"Non";"Non"
2022;"00000";"9700076";"100";"kg";"Non";"Non"
2022;"00000";"9700114";"5350";"kg";"Non";"Non"
2022;"00000";"9700214";"34.2";"kg";"Non";"Non"
2022;"00000";"9700282";"2.5";"l";"Non";"Non"
2022;"00000";"9700332";"171";"l";"Non";"Oui"
2022;"00000";"9700355";"36";"l";"Non";"Non"
2022;"00000";"9700357";"1";"l";"Non";"Non"
2022;"00000";"9700401";"410";"kg";"Non";"Non"
2022;"00000";"9800018";"285";"l";"Non";"Non"
2022;"00000";"9800076";"251";"l";"Non";"Non"
2022;"00000";"9800096";"4025";"l";"Non";"Non"
2022;"00000";"9800100";"483.4";"l";"Non";"Non"
2022;"00000";"9800106";"21";"kg";"Non";"Non"
2022;"00000";"9800120";"5";"l";"Non";"Non"
2022;"00000";"9800126";"1050";"kg";"Non";"Non"
2022;"00000";"9800144";"2";"kg";"Non";"Non"
2022;"00000";"9800182";"250";"l";"Non";"Non"
2022;"00000";"9800201";"288";"l";"Non";"Non"
2022;"00000";"9800210";"5";"l";"Non";"Non"
2022;"00000";"9800219";"135";"l";"Non";"Non"
2022;"00000";"9800244";"212.77";"kg";"Non";"Non"
2022;"00000";"9800245";"34248.1599";"kg";"Non";"Non"
2022;"00000";"9800259";"50";"l";"Non";"Non"
2022;"00000";"9800262";"37.75";"kg";"Non";"Non"
2022;"00000";"9800277";"5";"l";"Non";"Non"
2022;"00000";"9800289";"25";"l";"Non";"Non"
2022;"00000";"9800304";"488.49";"l";"Non";"Non"
2022;"00000";"9800320";"3";"kg";"Non";"Non"
2022;"00000";"9800336";"581.88";"l";"Non";"Non"
2022;"00000";"9800344";"53.37";"l";"Non";"Non"
2022;"00000";"9800347";"5";"l";"Non";"Non"
2022;"00000";"9800374";"0.50";"kg";"Non";"Non"
2022;"00000";"9800401";"1.96";"l";"Oui";"Non"
2022;"00000";"9800402";"13.3";"l";"Oui";"Non"
2022;"00000";"9800420";"509.07";"l";"Non";"Non"
2022;"00000";"9800421";"9.45";"l";"Non";"Non"
2022;"00000";"9800474";"22249.41";"kg";"Non";"Non"
2022;"00000";"9800481";"1894.18";"l";"Non";"Non"
2022;"00000";"9800484";"4";"l";"Non";"Non"
2022;"00000";"9800514";"0.04";"kg";"Non";"Non"
2022;"00000";"9900014";"4";"l";"Non";"Non"
2022;"00000";"9900037";"116.50";"kg";"Non";"Non"
2022;"00000";"9900047";"137";"l";"Non";"Oui"
2022;"00000";"9900081";"0.47";"kg";"Non";"Non"
2022;"00000";"9900115";"84";"l";"Non";"Non"
2022;"00000";"9900123";"2";"kg";"Non";"Non"
2022;"00000";"9900154";"23";"kg";"Non";"Non"
2022;"00000";"9900189";"140";"kg";"Non";"Non"
2022;"00000";"9900202";"6.6";"kg";"Non";"Non"
2022;"00000";"9900227";"9762.73";"l";"Non";"Non"
2022;"00000";"9900251";"730.10";"l";"Non";"Oui"
2022;"00000";"9900257";"28243.0";"kg";"Oui";"Non"
2022;"00000";"9900262";"7.6";"kg";"Non";"Non"
2022;"00000";"9900289";"13.5";"kg";"Non";"Non"
2022;"00000";"9900340";"20";"l";"Non";"Non"
2022;"00000";"9900354";"440";"kg";"Non";"Non"
2022;"00000";"9900371";"6.44";"kg";"Oui";"Non"
2022;"00000";"9900446";"7626.3101";"kg";"Non";"Non"
2022;"06310";"nc";"nc";"nc";"nc";"nc"
2022;"08410";"nc";"nc";"nc";"nc";"nc"
2022;"13002";"nc";"nc";"nc";"nc";"nc"
2022;"13119";"nc";"nc";"nc";"nc";"nc"
2022;"13470";"nc";"nc";"nc";"nc";"nc"
2022;"13620";"nc";"nc";"nc";"nc";"nc"
2022;"13950";"nc";"nc";"nc";"nc";"nc"
2022;"14121";"nc";"nc";"nc";"nc";"nc"
2022;"14550";"nc";"nc";"nc";"nc";"nc"
2022;"14650";"nc";"nc";"nc";"nc";"nc"
2022;"14730";"nc";"nc";"nc";"nc";"nc"
2022;"14830";"nc";"nc";"nc";"nc";"nc"
2022;"14990";"nc";"nc";"nc";"nc";"nc"
2022;"17111";"nc";"nc";"nc";"nc";"nc"
2022;"17730";"nc";"nc";"nc";"nc";"nc"
2022;"17880";"nc";"nc";"nc";"nc";"nc"
2022;"20247";"nc";"nc";"nc";"nc";"nc"
2022;"20248";"nc";"nc";"nc";"nc";"nc"
2022;"22750";"nc";"nc";"nc";"nc";"nc"
2022;"25111";"nc";"nc";"nc";"nc";"nc"
2022;"25113";"nc";"nc";"nc";"nc";"nc"
2022;"25460";"nc";"nc";"nc";"nc";"nc"
2022;"25630";"nc";"nc";"nc";"nc";"nc"
2022;"25960";"nc";"nc";"nc";"nc";"nc"
2022;"27690";"nc";"nc";"nc";"nc";"nc"
2022;"27710";"nc";"nc";"nc";"nc";"nc"
2022;"27740";"nc";"nc";"nc";"nc";"nc"
2022;"29259";"nc";"nc";"nc";"nc";"nc"
2022;"29980";"nc";"nc";"nc";"nc";"nc"
2022;"33810";"nc";"nc";"nc";"nc";"nc"
2022;"35114";"nc";"nc";"nc";"nc";"nc"
2022;"35780";"nc";"nc";"nc";"nc";"nc"
2022;"35960";"nc";"nc";"nc";"nc";"nc"
2022;"37200";"nc";"nc";"nc";"nc";"nc"
2022;"38113";"nc";"nc";"nc";"nc";"nc"
2022;"38144";"nc";"nc";"nc";"nc";"nc"
2022;"38750";"nc";"nc";"nc";"nc";"nc"
2022;"42270";"nc";"nc";"nc";"nc";"nc"
2022;"44490";"nc";"nc";"nc";"nc";"nc"
2022;"44510";"nc";"nc";"nc";"nc";"nc"
2022;"44610";"nc";"nc";"nc";"nc";"nc"
2022;"44620";"nc";"nc";"nc";"nc";"nc"
2022;"49112";"nc";"nc";"nc";"nc";"nc"
2022;"50740";"nc";"nc";"nc";"nc";"nc"
2022;"54100";"nc";"nc";"nc";"nc";"nc"
2022;"54111";"nc";"nc";"nc";"nc";"nc"
2022;"54114";"nc";"nc";"nc";"nc";"nc"
2022;"54121";"nc";"nc";"nc";"nc";"nc"
2022;"54129";"nc";"nc";"nc";"nc";"nc"
2022;"54240";"nc";"nc";"nc";"nc";"nc"
2022;"54430";"nc";"nc";"nc";"nc";"nc"
2022;"54590";"nc";"nc";"nc";"nc";"nc"
2022;"54820";"nc";"nc";"nc";"nc";"nc"
2022;"54940";"nc";"nc";"nc";"nc";"nc"
2022;"54970";"nc";"nc";"nc";"nc";"nc"
2022;"54980";"nc";"nc";"nc";"nc";"nc"
2022;"54990";"nc";"nc";"nc";"nc";"nc"
2022;"56290";"nc";"nc";"nc";"nc";"nc"
2022;"56730";"nc";"nc";"nc";"nc";"nc"
2022;"57180";"nc";"nc";"nc";"nc";"nc"
2022;"57255";"nc";"nc";"nc";"nc";"nc"
2022;"57270";"nc";"nc";"nc";"nc";"nc"
2022;"57360";"nc";"nc";"nc";"nc";"nc"
2022;"57855";"nc";"nc";"nc";"nc";"nc"
2022;"59120";"nc";"nc";"nc";"nc";"nc"
2022;"59140";"nc";"nc";"nc";"nc";"nc"
2022;"59153";"nc";"nc";"nc";"nc";"nc"
2022;"59168";"nc";"nc";"nc";"nc";"nc"
2022;"59180";"nc";"nc";"nc";"nc";"nc"
2022;"59192";"nc";"nc";"nc";"nc";"nc"
2022;"59195";"nc";"nc";"nc";"nc";"nc"
2022;"59288";"nc";"nc";"nc";"nc";"nc"
2022;"59370";"nc";"nc";"nc";"nc";"nc"
2022;"59495";"nc";"nc";"nc";"nc";"nc"
2022;"60180";"nc";"nc";"nc";"nc";"nc"
2022;"60550";"nc";"nc";"nc";"nc";"nc"
2022;"60610";"nc";"nc";"nc";"nc";"nc"
2022;"60740";"nc";"nc";"nc";"nc";"nc"
2022;"60930";"nc";"nc";"nc";"nc";"nc"
2022;"62187";"nc";"nc";"nc";"nc";"nc"
2022;"62196";"nc";"nc";"nc";"nc";"nc"
2022;"62224";"nc";"nc";"nc";"nc";"nc"
2022;"62420";"nc";"nc";"nc";"nc";"nc"
2022;"62480";"nc";"nc";"nc";"nc";"nc"
2022;"62740";"nc";"nc";"nc";"nc";"nc"
2022;"64340";"nc";"nc";"nc";"nc";"nc"
2022;"67206";"nc";"nc";"nc";"nc";"nc"
2022;"67207";"nc";"nc";"nc";"nc";"nc"
2022;"67980";"nc";"nc";"nc";"nc";"nc"
2022;"68410";"nc";"nc";"nc";"nc";"nc"
2022;"69125";"nc";"nc";"nc";"nc";"nc"
2022;"69190";"nc";"nc";"nc";"nc";"nc"
2022;"69260";"nc";"nc";"nc";"nc";"nc"
2022;"69310";"nc";"nc";"nc";"nc";"nc"
2022;"69350";"nc";"nc";"nc";"nc";"nc"
2022;"69410";"nc";"nc";"nc";"nc";"nc"
2022;"69520";"nc";"nc";"nc";"nc";"nc"
2022;"76117";"nc";"nc";"nc";"nc";"nc"
2022;"76650";"nc";"nc";"nc";"nc";"nc"
2022;"76920";"nc";"nc";"nc";"nc";"nc"
2022;"76980";"nc";"nc";"nc";"nc";"nc"
2022;"77090";"nc";"nc";"nc";"nc";"nc"
2022;"77135";"nc";"nc";"nc";"nc";"nc"
2022;"77138";"nc";"nc";"nc";"nc";"nc"
2022;"77157";"nc";"nc";"nc";"nc";"nc"
2022;"77164";"nc";"nc";"nc";"nc";"nc"
2022;"77185";"nc";"nc";"nc";"nc";"nc"
2022;"77200";"nc";"nc";"nc";"nc";"nc"
2022;"77210";"nc";"nc";"nc";"nc";"nc"
2022;"77340";"nc";"nc";"nc";"nc";"nc"
2022;"77360";"nc";"nc";"nc";"nc";"nc"
2022;"77430";"nc";"nc";"nc";"nc";"nc"
2022;"77680";"nc";"nc";"nc";"nc";"nc"
2022;"77870";"nc";"nc";"nc";"nc";"nc"
2022;"77880";"nc";"nc";"nc";"nc";"nc"
2022;"77920";"nc";"nc";"nc";"nc";"nc"
2022;"77990";"nc";"nc";"nc";"nc";"nc"
2022;"78112";"nc";"nc";"nc";"nc";"nc"
2022;"78126";"nc";"nc";"nc";"nc";"nc"
2022;"78220";"nc";"nc";"nc";"nc";"nc"
2022;"78290";"nc";"nc";"nc";"nc";"nc"
2022;"78340";"nc";"nc";"nc";"nc";"nc"
2022;"78380";"nc";"nc";"nc";"nc";"nc"
2022;"78390";"nc";"nc";"nc";"nc";"nc"
2022;"78430";"nc";"nc";"nc";"nc";"nc"
2022;"78480";"nc";"nc";"nc";"nc";"nc"
2022;"78530";"nc";"nc";"nc";"nc";"nc"
2022;"78620";"nc";"nc";"nc";"nc";"nc"
2022;"78710";"nc";"nc";"nc";"nc";"nc"
2022;"78740";"nc";"nc";"nc";"nc";"nc"
2022;"78780";"nc";"nc";"nc";"nc";"nc"
2022;"78850";"nc";"nc";"nc";"nc";"nc"
2022;"78955";"nc";"nc";"nc";"nc";"nc"
2022;"78960";"nc";"nc";"nc";"nc";"nc"
2022;"80350";"nc";"nc";"nc";"nc";"nc"
2022;"83430";"nc";"nc";"nc";"nc";"nc"
2022;"83530";"nc";"nc";"nc";"nc";"nc"
2022;"85680";"nc";"nc";"nc";"nc";"nc"
2022;"90380";"nc";"nc";"nc";"nc";"nc"
2022;"91070";"nc";"nc";"nc";"nc";"nc"
2022;"91080";"nc";"nc";"nc";"nc";"nc"
2022;"91200";"nc";"nc";"nc";"nc";"nc"
2022;"91370";"nc";"nc";"nc";"nc";"nc"
2022;"91380";"nc";"nc";"nc";"nc";"nc"
2022;"91420";"nc";"nc";"nc";"nc";"nc"
2022;"91550";"nc";"nc";"nc";"nc";"nc"
2022;"91560";"nc";"nc";"nc";"nc";"nc"
2022;"91770";"nc";"nc";"nc";"nc";"nc"
2022;"91910";"nc";"nc";"nc";"nc";"nc"
2022;"92170";"nc";"nc";"nc";"nc";"nc"
2022;"92220";"nc";"nc";"nc";"nc";"nc"
2022;"92230";"nc";"nc";"nc";"nc";"nc"
2022;"92260";"nc";"nc";"nc";"nc";"nc"
2022;"92270";"nc";"nc";"nc";"nc";"nc"
2022;"92330";"nc";"nc";"nc";"nc";"nc"
2022;"92340";"nc";"nc";"nc";"nc";"nc"
2022;"92380";"nc";"nc";"nc";"nc";"nc"
2022;"92390";"nc";"nc";"nc";"nc";"nc"
2022;"92410";"nc";"nc";"nc";"nc";"nc"
2022;"92420";"nc";"nc";"nc";"nc";"nc"
2022;"92430";"nc";"nc";"nc";"nc";"nc"
2022;"93000";"nc";"nc";"nc";"nc";"nc"
2022;"93130";"nc";"nc";"nc";"nc";"nc"
2022;"93170";"nc";"nc";"nc";"nc";"nc"
2022;"93210";"nc";"nc";"nc";"nc";"nc"
2022;"93260";"nc";"nc";"nc";"nc";"nc"
2022;"93270";"nc";"nc";"nc";"nc";"nc"
2022;"93310";"nc";"nc";"nc";"nc";"nc"
2022;"93320";"nc";"nc";"nc";"nc";"nc"
2022;"93340";"nc";"nc";"nc";"nc";"nc"
2022;"93360";"nc";"nc";"nc";"nc";"nc"
2022;"93380";"nc";"nc";"nc";"nc";"nc"
2022;"93400";"nc";"nc";"nc";"nc";"nc"
2022;"93410";"nc";"nc";"nc";"nc";"nc"
2022;"93440";"nc";"nc";"nc";"nc";"nc"
2022;"93460";"nc";"nc";"nc";"nc";"nc"
2022;"93500";"nc";"nc";"nc";"nc";"nc"
2022;"94110";"nc";"nc";"nc";"nc";"nc"
2022;"94160";"nc";"nc";"nc";"nc";"nc"
2022;"94200";"nc";"nc";"nc";"nc";"nc"
2022;"94240";"nc";"nc";"nc";"nc";"nc"
2022;"94260";"nc";"nc";"nc";"nc";"nc"
2022;"94310";"nc";"nc";"nc";"nc";"nc"
2022;"94320";"nc";"nc";"nc";"nc";"nc"
2022;"94340";"nc";"nc";"nc";"nc";"nc"
2022;"94380";"nc";"nc";"nc";"nc";"nc"
2022;"94410";"nc";"nc";"nc";"nc";"nc"
2022;"94420";"nc";"nc";"nc";"nc";"nc"
2022;"94460";"nc";"nc";"nc";"nc";"nc"
2022;"94490";"nc";"nc";"nc";"nc";"nc"
2022;"94510";"nc";"nc";"nc";"nc";"nc"
2022;"94800";"nc";"nc";"nc";"nc";"nc"
2022;"95140";"nc";"nc";"nc";"nc";"nc"
2022;"95160";"nc";"nc";"nc";"nc";"nc"
2022;"95170";"nc";"nc";"nc";"nc";"nc"
2022;"95210";"nc";"nc";"nc";"nc";"nc"
2022;"95230";"nc";"nc";"nc";"nc";"nc"
2022;"95320";"nc";"nc";"nc";"nc";"nc"
2022;"95330";"nc";"nc";"nc";"nc";"nc"
2022;"95390";"nc";"nc";"nc";"nc";"nc"
2022;"95630";"nc";"nc";"nc";"nc";"nc"
2022;"95680";"nc";"nc";"nc";"nc";"nc"
2022;"95700";"nc";"nc";"nc";"nc";"nc"
2022;"95820";"nc";"nc";"nc";"nc";"nc"
