annee,amm,quantite_produit,conditionnement,eaj,achat_etranger
2022,1030003,37248.6,l,Oui,Oui
2022,2000001,30.0,l,Oui,Oui
2022,2000003,76421.86,l,Non,Oui
2022,2000017,270.22,l,Oui,Non
2022,2000018,2172289.3805,kg,Non,Oui
2022,2000019,7.4,kg,Oui,Oui
2022,2000027,30.0,l,Oui,Oui
2022,2000029,33.0,l,Oui,Oui
2022,2000044,155948.26,l,Non,Oui
2022,2000046,54890.91,l,Non,Non
2022,2000051,10.0,l,Non,Non
2022,2000067,880.0,l,Non,Non
2022,2000071,660.4,kg,Oui,Non
2022,2000079,368.0,l,Non,Non
2022,2000080,212.3,l,Non,Non
2022,2000084,4080.0,kg,Non,Non
2022,2000087,22405.0,kg,Non,Non
2022,2000089,328.0,kg,Oui,Non
2022,2000095,34.0,l,Non,Oui
2022,2000097,35.7,kg,Non,Non
2022,2000105,9.0,kg,Oui,Non
2022,2000121,650.0,kg,Non,Non
2022,2000122,12039.97,l,Non,Non
2022,2000125,34955.62,kg,Oui,Oui
2022,2000128,16.11,kg,Oui,Non
2022,2000136,828.0,kg,Non,Non
2022,2000150,40.0,l,Oui,Non
2022,2000169,3.0,kg,Non,Non
2022,2000191,0.08,l,Non,Non
2022,2000195,5.0,kg,Non,Non
2022,2000201,31589.52,l,Non,Oui
2022,2000202,638084.8,l,Non,Non
2022,2000205,804.18,kg,Non,Non
2022,2000208,37.25,l,Non,Oui
2022,2000210,1630.0,l,Non,Non
2022,2000214,15.0,l,Non,Non
2022,2000228,157.0,kg,Oui,Non
2022,2000235,13.0,l,Non,Oui
2022,2000236,192.0,l,Non,Non
2022,2000256,1.0,l,Non,Non
2022,2000283,280.0,l,Non,Non
2022,2000294,90.0,kg,Non,Non
2022,2000299,53492.93,l,Non,Oui
2022,2000301,161965.07,l,Non,Non
2022,2000316,152393.21,l,Non,Non
2022,2000324,42611.54,l,Non,Oui
2022,2000327,272327.45,l,Non,Oui
2022,2000332,3126.84,l,Non,Non
2022,2000333,70.0,l,Non,Non
2022,2000335,9.13,l,Non,Non
2022,2000336,6458.0,kg,Non,Non
2022,2000338,74.66,kg,Non,Non
2022,2000369,3631.67,kg,Non,Oui
2022,2000380,95344.25,l,Non,Oui
2022,2000390,40.0,kg,Non,Oui
2022,2000447,101.0,kg,Non,Oui
2022,2000461,4195.0,l,Non,Non
2022,2000468,1190.0,kg,Non,Non
2022,2000499,295.0,l,Non,Non
2022,2000510,4042.5,kg,Oui,Non
2022,2000513,153.0,l,Non,Non
2022,2000517,442047.48,l,Non,Oui
2022,2000519,2365.0,l,Non,Non
2022,2000536,4483.31,kg,Non,Non
2022,2010003,245.0,l,Non,Non
2022,2010005,65.0,kg,Non,Non
2022,2010019,14506.0,l,Non,Non
2022,2010023,161139.87,l,Non,Oui
2022,2010025,70.0,l,Non,Non
2022,2010027,264.0,l,Non,Non
2022,2010030,194301.83,l,Non,Oui
2022,2010035,1647.75,l,Non,Non
2022,2010047,75.0,l,Non,Non
2022,2010099,567.67,l,Oui,Oui
2022,2010100,410.15,l,Oui,Oui
2022,2010101,335.53,l,Oui,Oui
2022,2010107,12.0,l,Non,Non
2022,2010112,6.0,kg,Non,Non
2022,2010118,1993.07,kg,Non,Non
2022,2010123,23900.0,kg,Oui,Non
2022,2010130,204364.83,kg,Non,Oui
2022,2010131,5.0,kg,Non,Oui
2022,2010132,3.0,kg,Non,Non
2022,2010150,1.0,kg,Non,Non
2022,2010158,905.0,l,Non,Non
2022,2010199,10.5,l,Non,Non
2022,2010206,86.0,kg,Non,Non
2022,2010239,106207.51,l,Non,Oui
2022,2010240,6736.0,l,Non,Oui
2022,2010262,3200.0,l,Non,Non
2022,2010274,5.0,l,Non,Non
2022,2010280,370740.87,l,Non,Oui
2022,2010282,69237.7,l,Non,Oui
2022,2010283,6411.89,l,Non,Non
2022,2010284,45.1,l,Oui,Non
2022,2010288,47.25,kg,Non,Oui
2022,2010296,25.0,l,Non,Non
2022,2010319,289.7,l,Oui,Non
2022,2010321,5.0,l,Oui,Non
2022,2010326,2636.0,l,Non,Non
2022,2010332,170.0,l,Non,Non
2022,2010335,11.0,l,Oui,Non
2022,2010349,35.0,l,Non,Non
2022,2010351,85.0,kg,Non,Non
2022,2010398,100323.32,kg,Non,Oui
2022,2010410,1452.17,kg,Oui,Non
2022,2010415,520.0,l,Non,Non
2022,2010419,150.6,kg,Non,Non
2022,2010420,75.0,l,Oui,Non
2022,2010425,116.35,kg,Non,Non
2022,2010426,70.0,kg,Non,Non
2022,2010427,14404.0,l,Non,Non
2022,2010434,7.0,l,Oui,Non
2022,2010441,36970.0,l,Non,Non
2022,2010478,75.0,l,Non,Non
2022,2010493,24.0,kg,Oui,Non
2022,2010495,20895.0,kg,Non,Non
2022,2010499,20.0,l,Non,Non
2022,2010502,20.0,l,Non,Non
2022,2010509,61904.01,kg,Non,Oui
2022,2010513,49535.92,kg,Non,Non
2022,2010525,57.0,kg,Non,Non
2022,2010527,1555.0,l,Non,Non
2022,2010530,2.54,l,Oui,Non
2022,2010531,18645.0,l,Non,Non
2022,2010537,81.79,kg,Non,Non
2022,2010552,7652.2,kg,Non,Non
2022,2010554,5.0,l,Non,Oui
2022,2010584,18538.0,l,Non,Non
2022,2010588,15.0,l,Non,Non
2022,2010604,1.0,kg,Oui,Non
2022,2010610,2805.0,l,Non,Non
2022,2010613,55.0,l,Non,Non
2022,2010617,7585.0,l,Non,Oui
2022,2010618,94616.95,kg,Non,Non
2022,2010628,0.25,kg,Non,Non
2022,2010632,44.5,kg,Non,Non
2022,2010640,2475.0,kg,Non,Non
2022,2010643,804.0,l,Non,Non
2022,2020003,11364.02,kg,Oui,Oui
2022,2020014,8056.97,l,Non,Non
2022,2020021,59887.02,l,Non,Non
2022,2020054,60.0,l,Non,Non
2022,2020064,53.0,l,Non,Non
2022,2020065,23.0,kg,Non,Non
2022,2020069,1821.3,l,Non,Oui
2022,2020099,92786.21,l,Non,Oui
2022,2020100,2.0,kg,Oui,Non
2022,2020104,4.0,l,Non,Non
2022,2020114,860.0,l,Non,Non
2022,2020119,17580.0,l,Oui,Non
2022,2020199,36.3,kg,Non,Non
2022,2020219,763.0,l,Non,Non
2022,2020226,47536.0,l,Non,Oui
2022,2020233,6920.0,kg,Non,Non
2022,2020234,6200.0,kg,Non,Oui
2022,2020238,4.0,l,Non,Non
2022,2020241,5275.0,kg,Non,Non
2022,2020267,87.0,kg,Non,Non
2022,2020269,109.0,l,Non,Non
2022,2020284,5.0,l,Non,Non
2022,2020293,20.0,l,Non,Non
2022,2020298,15.0,l,Oui,Non
2022,2020301,6.0,l,Oui,Non
2022,2020323,1.45,l,Non,Non
2022,2020328,525.0,l,Non,Non
2022,2020345,8.0,l,Non,Non
2022,2020365,0.3,l,Oui,Non
2022,2020426,43.0,l,Oui,Non
2022,2020429,380.0,l,Non,Non
2022,2020430,180.0,l,Non,Non
2022,2020448,32.4,l,Oui,Non
2022,2020456,120.0,l,Non,Non
2022,2020474,40752.6,l,Non,Oui
2022,2030010,351.9,l,Non,Non
2022,2030011,3447.0,l,Non,Non
2022,2030071,1401045.18,kg,Non,Oui
2022,2030072,240.0,kg,Non,Non
2022,2030073,6285.0,kg,Non,Non
2022,2030085,266.0,l,Non,Oui
2022,2030089,3.0,l,Non,Non
2022,2030092,7.0,kg,Non,Non
2022,2030110,3165.0,kg,Non,Non
2022,2030125,348.93,l,Non,Oui
2022,2030130,20.0,l,Non,Non
2022,2030131,82.0,kg,Non,Non
2022,2030136,20.0,l,Oui,Oui
2022,2030174,19.51,kg,Non,Oui
2022,2030175,1814.14,kg,Oui,Oui
2022,2030184,32.51,kg,Oui,Non
2022,2030195,10.0,l,Non,Non
2022,2030226,40.0,kg,Non,Oui
2022,2030233,150.0,l,Non,Oui
2022,2030239,22.0,kg,Non,Non
2022,2030255,28178.0,l,Non,Oui
2022,2030259,1946.0,l,Non,Non
2022,2030273,1441.5,l,Oui,Non
2022,2030274,20.0,l,Non,Non
2022,2030286,5.6,l,Oui,Non
2022,2030289,23.0,l,Oui,Non
2022,2030298,85.0,l,Non,Non
2022,2030323,306006.1906,l,Non,Oui
2022,2030332,37622.3,l,Non,Non
2022,2030337,485.0,l,Non,Non
2022,2030342,1765811.47,l,Non,Oui
2022,2030391,10.0,l,Oui,Non
2022,2030404,125848.7,l,Non,Oui
2022,2030429,30.0,kg,Non,Non
2022,2030430,1947.71,kg,Non,Non
2022,2030457,122.5,kg,Non,Non
2022,2030460,1275.11,kg,Non,Non
2022,2030466,2093.09,kg,Oui,Non
2022,2040003,309.0,l,Non,Non
2022,2040045,70.0,l,Non,Non
2022,2040080,1460.25,kg,Non,Non
2022,2040109,0.75,kg,Non,Non
2022,2040120,8.3,kg,Non,Oui
2022,2040121,7.4,l,Non,Oui
2022,2040142,25.0,l,Non,Non
2022,2040146,159708.5598,l,Non,Oui
2022,2040192,2045.0,l,Non,Non
2022,2040195,30.0,l,Non,Non
2022,2040199,150.0,kg,Non,Non
2022,2040201,1990.0,l,Non,Non
2022,2040213,150.0,kg,Oui,Non
2022,2040310,690.0,l,Non,Non
2022,2040311,370.0,l,Non,Non
2022,2040313,28.0,kg,Non,Non
2022,2040314,780.0,kg,Oui,Non
2022,2040322,11.25,l,Non,Non
2022,2040330,10.0,kg,Non,Non
2022,2040338,1005.0,l,Non,Non
2022,2040354,76.5,kg,Non,Non
2022,2050022,105.0,l,Non,Non
2022,2050028,200.0,kg,Non,Non
2022,2050035,430.0,l,Non,Non
2022,2050037,27700.0,kg,Oui,Non
2022,2050038,1485.0,l,Oui,Non
2022,2050046,59149.31,kg,Non,Oui
2022,2050075,40938.02,kg,Non,Oui
2022,2050076,4803.4,kg,Non,Oui
2022,2050078,54525.0,l,Non,Non
2022,2050089,850.0,l,Non,Non
2022,2050090,94400.0,l,Non,Non
2022,2050116,50.0,kg,Non,Non
2022,2050124,10.0,l,Non,Non
2022,2050136,2381.4,kg,Non,Non
2022,2050140,1460.0,l,Non,Non
2022,2050142,59.8,kg,Oui,Non
2022,2050145,0.51,l,Oui,Non
2022,2060002,14232.95,l,Non,Oui
2022,2060007,126150.0,kg,Non,Oui
2022,2060019,0.08,l,Non,Non
2022,2060026,768.45,kg,Non,Non
2022,2060034,102487.5,kg,Non,Non
2022,2060045,3867.7,kg,Non,Non
2022,2060050,68659.53,l,Non,Oui
2022,2060051,40654.87,l,Non,Non
2022,2060063,3835.21,kg,Non,Non
2022,2060064,5.0,l,Non,Non
2022,2060071,1.1,kg,Non,Non
2022,2060078,568.4,l,Non,Oui
2022,2060079,482.5,l,Non,Non
2022,2060084,107781.6,kg,Non,Oui
2022,2060085,16495.43,l,Non,Oui
2022,2060086,809.21,kg,Non,Non
2022,2060088,1935876.3899,l,Non,Oui
2022,2060091,100.0,l,Non,Non
2022,2060098,24737.82,l,Non,Oui
2022,2060107,65.0,l,Non,Non
2022,2060108,7.2,l,Non,Non
2022,2060111,1560.0,l,Non,Non
2022,2060113,2236.12,l,Non,Oui
2022,2060115,3253.32,l,Non,Non
2022,2060116,164397.77,l,Non,Oui
2022,2060118,469931.4,l,Non,Oui
2022,2060119,1864.35,kg,Non,Oui
2022,2060127,81007.1,l,Non,Oui
2022,2060129,1.5,kg,Non,Non
2022,2060130,5709.0,l,Non,Non
2022,2060131,69930.03,l,Non,Oui
2022,2060132,1842.0,l,Non,Non
2022,2060134,164371.0,kg,Non,Non
2022,2060172,49759.15,l,Non,Oui
2022,2060175,221.2,kg,Non,Non
2022,2060177,230.8,kg,Non,Non
2022,2060192,2.4,kg,Oui,Non
2022,2060194,619094.5299,kg,Non,Oui
2022,2070077,1060.0,l,Non,Non
2022,2070088,2205.0,l,Non,Non
2022,2070107,14987.0,l,Non,Oui
2022,2070108,193.86,kg,Non,Non
2022,2070133,92158.17,l,Non,Oui
2022,2070136,733.02,kg,Non,Non
2022,2070143,15200.0,l,Non,Non
2022,2070163,9.0,kg,Non,Non
2022,2070184,452091.16,l,Non,Oui
2022,2070185,10305.05,l,Non,Oui
2022,2070190,305.0,l,Non,Non
2022,2070193,5135.0,l,Non,Non
2022,2070196,0.3,l,Non,Oui
2022,2070221,155146.05,l,Non,Non
2022,2070242,193.0,kg,Non,Non
2022,2080004,819.0,kg,Non,Non
2022,2080010,5823.0,l,Non,Oui
2022,2080018,10.45,l,Oui,Non
2022,2080019,4669.2,l,Non,Non
2022,2080020,621.0,kg,Non,Non
2022,2080023,70.0,kg,Non,Non
2022,2080024,30.0,kg,Non,Non
2022,2080025,137475.0,l,Non,Non
2022,2080026,196880.16,l,Non,Oui
2022,2080029,24233.48,l,Non,Non
2022,2080036,15.0,l,Non,Non
2022,2080038,128849.5,l,Non,Oui
2022,2080039,30.0,l,Non,Non
2022,2080049,70212.6901,l,Non,Oui
2022,2080053,333.0,l,Oui,Non
2022,2080054,15.9,l,Oui,Non
2022,2080056,144.4,l,Non,Non
2022,2080060,5225.0,l,Non,Oui
2022,2080062,85.0,kg,Non,Oui
2022,2080063,77072.77,kg,Non,Oui
2022,2080070,9574.58,kg,Non,Non
2022,2080089,3.6,l,Oui,Non
2022,2080090,13.3,l,Oui,Non
2022,2080091,1.5,kg,Oui,Non
2022,2080094,9740.7,kg,Non,Non
2022,2080097,2369.0,l,Non,Non
2022,2080098,220721.71,l,Non,Oui
2022,2080100,1453.26,kg,Non,Non
2022,2080101,203.0,kg,Non,Non
2022,2080102,32824.8,l,Non,Oui
2022,2080104,28427.0,kg,Non,Non
2022,2080105,183480.0,l,Non,Oui
2022,2080112,3627.24,l,Non,Non
2022,2080113,460.0,kg,Non,Non
2022,2080114,230966.82,l,Non,Oui
2022,2080117,5968.47,kg,Non,Oui
2022,2080121,2528.7,kg,Non,Non
2022,2080123,12242.97,kg,Non,Non
2022,2080124,2037.15,kg,Non,Oui
2022,2080125,16427.33,kg,Non,Oui
2022,2080129,1028.0,l,Non,Non
2022,2080133,6.0,l,Oui,Non
2022,2080136,25186.61,kg,Non,Oui
2022,2080145,805988.4999,l,Non,Oui
2022,2080147,15868.5,l,Non,Non
2022,2090001,13108.08,l,Non,Oui
2022,2090008,1001.84,l,Non,Non
2022,2090009,141807.03,l,Non,Non
2022,2090010,6273.0,l,Non,Non
2022,2090011,202530.34,l,Non,Non
2022,2090016,567015.1,l,Non,Non
2022,2090017,5135.1,l,Non,Non
2022,2090019,55346.0,l,Non,Oui
2022,2090024,645.0,l,Non,Non
2022,2090026,10.0,l,Non,Non
2022,2090027,420.0,l,Non,Non
2022,2090028,25580.0,l,Non,Oui
2022,2090033,0.1,l,Non,Non
2022,2090034,0.75,l,Non,Non
2022,2090036,32.5,l,Oui,Non
2022,2090037,42513.58,kg,Non,Oui
2022,2090039,119782.62,l,Non,Oui
2022,2090041,25457.37,kg,Non,Non
2022,2090042,26702.6,kg,Non,Oui
2022,2090044,319.0,l,Oui,Non
2022,2090045,0.96,l,Oui,Non
2022,2090050,7087681.6002,kg,Non,Non
2022,2090052,15626.68,kg,Non,Oui
2022,2090053,15.0,l,Non,Non
2022,2090054,2718.38,kg,Non,Non
2022,2090055,31175.0,l,Non,Non
2022,2090056,108.75,l,Non,Oui
2022,2090057,9921.88,kg,Non,Non
2022,2090059,50.0,kg,Non,Non
2022,2090060,5.0,l,Non,Non
2022,2090063,3139.61,kg,Non,Oui
2022,2090064,145945.39,l,Non,Non
2022,2090065,2449.99,kg,Non,Non
2022,2090068,64084.81,l,Non,Oui
2022,2090069,155.0,l,Non,Non
2022,2090072,486.41,kg,Non,Non
2022,2090075,82100.0,kg,Non,Oui
2022,2090077,8725.0,l,Non,Non
2022,2090079,12.6,l,Oui,Non
2022,2090080,119767.2,l,Non,Oui
2022,2090090,2.0,l,Non,Non
2022,2090091,158.0,kg,Non,Non
2022,2090093,1804168.7899,l,Non,Oui
2022,2090094,394.93,kg,Non,Non
2022,2090095,163252.8,l,Non,Oui
2022,2090096,16395.1,l,Non,Non
2022,2090099,10405.0,l,Non,Non
2022,2090100,9.0,l,Non,Non
2022,2090101,294237.02,l,Non,Oui
2022,2090103,13390.0,kg,Non,Oui
2022,2090104,155.0,l,Non,Non
2022,2090105,483407.0,kg,Non,Non
2022,2090106,1047.0,l,Non,Non
2022,2090107,7.05,l,Non,Non
2022,2090109,0.65,kg,Non,Non
2022,2090111,230634.9305,l,Non,Non
2022,2090112,113153.59,l,Non,Non
2022,2090113,1297551.3399,l,Non,Non
2022,2090114,1606.7,kg,Non,Non
2022,2090115,715.3,l,Non,Oui
2022,2090116,736.0,l,Non,Non
2022,2090117,439602.92,l,Non,Oui
2022,2090118,1479136.78,l,Non,Oui
2022,2090119,213870.8198,l,Non,Non
2022,2090121,24260.0,l,Non,Oui
2022,2090123,40.0,l,Non,Non
2022,2090124,9.05,l,Oui,Non
2022,2090126,513436.58,l,Non,Oui
2022,2090127,183786.97,l,Non,Oui
2022,2090130,2600.0,kg,Non,Non
2022,2090131,0.23,kg,Non,Non
2022,2090132,671732.6274,l,Non,Non
2022,2090133,18579.5,kg,Non,Non
2022,2090134,48434.4,kg,Non,Non
2022,2090135,20810.0,kg,Non,Non
2022,2090136,375152.16,l,Non,Oui
2022,2090137,333802.3901,kg,Non,Non
2022,2090146,38072.7101,l,Oui,Oui
2022,2090149,12197.4,l,Non,Oui
2022,2090153,105716.4,kg,Non,Oui
2022,2090157,27584.89,l,Non,Non
2022,2090158,680.0,l,Non,Non
2022,2090159,12630.52,kg,Non,Non
2022,2090160,36425.75,l,Non,Oui
2022,2090161,20.0,kg,Non,Non
2022,2090163,10555.0,l,Non,Non
2022,2090164,4414.0,l,Non,Non
2022,2090166,24.0,l,Non,Non
2022,2090167,4.0,kg,Non,Oui
2022,2090168,4011.0,kg,Non,Non
2022,2090169,1136.0,kg,Non,Non
2022,2090170,39872.0,kg,Non,Non
2022,2090173,10.0,l,Non,Non
2022,2090176,0.87,l,Oui,Non
2022,2090177,0.75,l,Non,Non
2022,2090178,16.0,l,Oui,Non
2022,2090183,13960.0,kg,Non,Oui
2022,2090186,481510.3201,l,Non,Oui
2022,2090188,480755.0,l,Non,Oui
2022,2090189,15.0,l,Non,Non
2022,2090190,88.43,l,Non,Non
2022,2090194,40.0,l,Non,Non
2022,2090199,8387.47,l,Oui,Oui
2022,2090200,15438.15,l,Oui,Oui
2022,2100002,21139.63,l,Non,Non
2022,2100004,2.25,l,Oui,Non
2022,2100009,19897.21,kg,Non,Non
2022,2100012,115.0,l,Non,Non
2022,2100013,91.4,l,Non,Oui
2022,2100014,6625.42,kg,Non,Non
2022,2100015,1265.38,kg,Non,Non
2022,2100016,10082.45,kg,Non,Non
2022,2100018,155925.46,l,Non,Non
2022,2100021,67039.27,kg,Non,Non
2022,2100023,61.6,kg,Non,Oui
2022,2100025,1.0,l,Non,Non
2022,2100026,74702.42,l,Non,Oui
2022,2100028,93190.6,l,Non,Oui
2022,2100030,1495521.08,kg,Non,Oui
2022,2100031,65.0,l,Non,Non
2022,2100032,3101.0,l,Non,Non
2022,2100034,65152.0,l,Non,Non
2022,2100036,241.8,kg,Non,Non
2022,2100037,49159.8,l,Non,Non
2022,2100038,925146.65,kg,Non,Non
2022,2100040,0.18,l,Non,Non
2022,2100041,400717.23,l,Non,Oui
2022,2100049,17370.0,l,Non,Non
2022,2100051,44438.48,l,Non,Non
2022,2100052,539194.52,l,Non,Oui
2022,2100053,87645.74,l,Non,Oui
2022,2100056,144719.92,l,Non,Non
2022,2100057,300619.59,l,Non,Oui
2022,2100059,135266.9403,l,Non,Non
2022,2100060,168106.9398,l,Non,Non
2022,2100061,980.0,kg,Non,Oui
2022,2100065,110.07,kg,Non,Non
2022,2100066,584.85,kg,Non,Oui
2022,2100067,974.5,kg,Non,Non
2022,2100069,5409.96,kg,Non,Non
2022,2100072,400.0,l,Non,Oui
2022,2100078,12.25,l,Non,Non
2022,2100080,2855.0,l,Non,Non
2022,2100086,1725.0,kg,Non,Oui
2022,2100091,7802.4,l,Non,Non
2022,2100099,1.0,l,Oui,Non
2022,2100103,0.5,kg,Non,Non
2022,2100108,435012.65,l,Non,Oui
2022,2100110,13676.66,l,Non,Non
2022,2100111,317598.27,l,Non,Oui
2022,2100112,234960.26,l,Non,Oui
2022,2100114,1042.0,kg,Non,Non
2022,2100121,61879.16,l,Non,Oui
2022,2100122,1037.41,kg,Non,Non
2022,2100137,25.0,l,Non,Non
2022,2100138,1260822.92,l,Non,Oui
2022,2100140,182850.41,l,Non,Non
2022,2100143,1765.0,l,Non,Non
2022,2100144,105.0,kg,Non,Non
2022,2100145,35.0,l,Non,Non
2022,2100151,285375.97,l,Non,Non
2022,2100152,5.0,kg,Non,Non
2022,2100153,18.0,l,Non,Non
2022,2100154,101.0,l,Non,Non
2022,2100155,10.0,l,Non,Non
2022,2100156,15.0,l,Non,Non
2022,2100157,20.0,l,Non,Non
2022,2100158,20.0,l,Oui,Non
2022,2100159,30.0,l,Oui,Non
2022,2100161,30.0,l,Oui,Non
2022,2100162,190.0,kg,Non,Non
2022,2100163,40.0,l,Oui,Non
2022,2100164,147.0,l,Non,Non
2022,2100165,2.2,l,Oui,Non
2022,2100167,640.0,kg,Non,Non
2022,2100170,5.0,l,Non,Non
2022,2100172,11.0,l,Non,Non
2022,2100173,140.0,l,Non,Non
2022,2100175,4017.77,l,Non,Non
2022,2100177,35020.41,kg,Non,Non
2022,2100178,43226.56,kg,Non,Non
2022,2100179,315.6,l,Non,Non
2022,2100180,0.36,l,Non,Non
2022,2100181,813464.8202,kg,Non,Non
2022,2100183,3735.0,l,Non,Non
2022,2100185,8016.0,l,Non,Non
2022,2100186,612196.22,l,Non,Oui
2022,2100188,13.0,l,Non,Oui
2022,2100191,17949.0,l,Non,Non
2022,2100194,67962.7801,l,Non,Non
2022,2100197,60.0,kg,Non,Non
2022,2100205,1970.0,l,Non,Non
2022,2100206,255881.9,l,Non,Non
2022,2100211,10285.0,l,Non,Non
2022,2100212,455.0,kg,Non,Non
2022,2100214,208.85,l,Non,Non
2022,2100215,418919.97,l,Non,Oui
2022,2100221,532319.36,kg,Non,Oui
2022,2100227,8358.3,l,Non,Non
2022,2100228,60.0,l,Non,Non
2022,2100229,5.0,l,Non,Non
2022,2100231,343292.84,kg,Non,Oui
2022,2100232,7043.0,l,Non,Non
2022,2100234,98077.67,l,Non,Non
2022,2100235,6179.58,l,Non,Non
2022,2100239,1430.0,kg,Non,Oui
2022,2100241,72.64,kg,Non,Non
2022,2100244,73243.5,l,Non,Non
2022,2100245,22445.0,l,Non,Non
2022,2100246,273.0,l,Non,Non
2022,2110004,174050.0,l,Non,Oui
2022,2110005,34135.5,l,Non,Oui
2022,2110006,93636.35,kg,Non,Non
2022,2110007,939.9,kg,Non,Non
2022,2110009,2698.5,l,Non,Non
2022,2110010,537.86,kg,Non,Non
2022,2110011,23805.0,l,Non,Oui
2022,2110012,318569.96,l,Non,Oui
2022,2110013,229.0,l,Non,Non
2022,2110017,882.73,l,Non,Non
2022,2110018,41221.4295,l,Non,Oui
2022,2110020,16.0,l,Non,Non
2022,2110021,12219.59,kg,Non,Non
2022,2110033,80.0,l,Oui,Non
2022,2110034,5350.0,kg,Non,Oui
2022,2110038,63.0,kg,Non,Non
2022,2110040,109.38,kg,Oui,Oui
2022,2110041,15.37,l,Non,Non
2022,2110042,410.0,l,Non,Oui
2022,2110045,10.0,l,Non,Oui
2022,2110049,20.0,l,Non,Non
2022,2110050,2775.0,l,Non,Non
2022,2110054,134.0,kg,Non,Oui
2022,2110055,30.0,kg,Non,Non
2022,2110056,23679.0,l,Non,Non
2022,2110059,185367.8697,kg,Non,Oui
2022,2110063,10563.36,kg,Non,Non
2022,2110068,60.0,l,Non,Non
2022,2110072,2693.12,kg,Non,Non
2022,2110073,43441.5,l,Non,Oui
2022,2110074,210.0,kg,Non,Non
2022,2110076,29950.63,l,Non,Non
2022,2110077,35820.94,l,Non,Non
2022,2110079,213.0,kg,Non,Non
2022,2110082,1596.06,kg,Non,Non
2022,2110083,32.55,l,Oui,Non
2022,2110084,30.55,l,Oui,Non
2022,2110086,173527.2,l,Non,Oui
2022,2110090,28398.2,l,Non,Oui
2022,2110092,2427.44,kg,Non,Non
2022,2110095,76400.3,l,Non,Non
2022,2110096,404.0,l,Non,Non
2022,2110099,12.5,kg,Non,Non
2022,2110101,114441.12,l,Non,Oui
2022,2110102,1087383.2222,l,Non,Oui
2022,2110103,4998.65,kg,Non,Non
2022,2110104,173363.38,l,Non,Non
2022,2110105,1431.0,l,Non,Non
2022,2110108,529.1,l,Non,Non
2022,2110109,961.2,l,Non,Non
2022,2110110,20.0,l,Non,Non
2022,2110111,176763.66,l,Non,Non
2022,2110112,30.0,l,Non,Non
2022,2110115,33043.91,l,Non,Oui
2022,2110118,105.0,l,Non,Non
2022,2110120,29.55,l,Non,Non
2022,2110121,314.63,l,Non,Non
2022,2110124,1.0,l,Non,Oui
2022,2110128,1460.0,l,Non,Non
2022,2110140,17168.0,l,Non,Non
2022,2110141,147056.65,l,Non,Oui
2022,2110142,438.0,l,Non,Oui
2022,2110143,20585.9,l,Non,Oui
2022,2110144,65409.87,l,Non,Non
2022,2110145,1.0,l,Non,Non
2022,2110146,15.0,l,Oui,Oui
2022,2110147,35808.76,kg,Non,Oui
2022,2110148,23145.5,l,Non,Non
2022,2110149,28909.48,l,Oui,Oui
2022,2110150,10624.23,l,Oui,Oui
2022,2110151,1684499.37,l,Non,Non
2022,2110152,12848.0,l,Non,Non
2022,2110153,4315.0,l,Non,Non
2022,2110154,27341.08,l,Non,Non
2022,2110159,0.9,l,Oui,Non
2022,2110161,172.0,l,Non,Non
2022,2110162,142550.81,l,Non,Non
2022,2110165,505.0,l,Non,Non
2022,2110166,1.0,l,Non,Non
2022,2110167,241044.61,l,Non,Oui
2022,2110168,1774.0,l,Non,Non
2022,2110170,20.0,l,Non,Non
2022,2110173,60498.86,kg,Non,Non
2022,2110174,345.0,l,Oui,Non
2022,2110177,2.4,l,Non,Non
2022,2110178,13417.0,l,Non,Non
2022,2110179,3205.45,kg,Non,Non
2022,2110180,1734.36,kg,Oui,Oui
2022,2110181,2676.0,l,Non,Non
2022,2110188,1.18,l,Non,Non
2022,2110191,139029.0,l,Non,Non
2022,2110192,5084.51,kg,Non,Non
2022,2110194,10.0,l,Non,Non
2022,2110195,213.0,kg,Non,Non
2022,2110196,466.41,kg,Oui,Oui
2022,2110197,22749.2,l,Non,Oui
2022,2110198,20.0,l,Non,Non
2022,2110199,30.0,l,Non,Non
2022,2110200,1849.0,l,Non,Non
2022,2110201,40.24,l,Non,Non
2022,2110202,92260.1,l,Non,Oui
2022,2110203,2783.0,kg,Non,Non
2022,2120007,6.0,l,Non,Non
2022,2120018,58.4,l,Non,Non
2022,2120028,20.0,l,Non,Non
2022,2120029,690.0,l,Non,Non
2022,2120030,1789.46,kg,Non,Non
2022,2120032,13740.0,l,Non,Non
2022,2120034,1385.0,l,Non,Non
2022,2120035,14.0,l,Non,Non
2022,2120041,101494.0697,l,Non,Oui
2022,2120042,80.0,kg,Non,Non
2022,2120048,205008.17,l,Non,Oui
2022,2120049,1286.0,l,Non,Non
2022,2120050,4.0,l,Non,Non
2022,2120051,25140.0,l,Non,Non
2022,2120057,11960.0,l,Non,Non
2022,2120058,740.0,l,Non,Non
2022,2120059,2130.0,l,Non,Non
2022,2120060,2900.0,l,Non,Non
2022,2120063,1.6,l,Non,Non
2022,2120065,975.0,l,Non,Non
2022,2120066,61541.88,l,Non,Non
2022,2120067,27622.66,kg,Non,Oui
2022,2120070,140553.65,l,Non,Oui
2022,2120071,34.0,l,Non,Non
2022,2120074,416.0,l,Non,Non
2022,2120075,443932.58,l,Non,Oui
2022,2120081,23086.25,l,Non,Non
2022,2120082,82.2,kg,Non,Non
2022,2120086,85.0,l,Non,Non
2022,2120087,5781.25,kg,Non,Oui
2022,2120088,50.0,kg,Non,Non
2022,2120089,36496.0,l,Non,Non
2022,2120091,16.5,kg,Non,Non
2022,2120092,62021.64,l,Non,Oui
2022,2120093,62.0,l,Non,Non
2022,2120094,350.0,l,Non,Non
2022,2120096,183.5,kg,Non,Non
2022,2120098,3050.0,kg,Non,Non
2022,2120100,1980.0,kg,Non,Oui
2022,2120105,9.7,kg,Non,Oui
2022,2120107,190.0,l,Non,Oui
2022,2120117,17640.0,l,Non,Non
2022,2120119,520.0,l,Oui,Non
2022,2120120,83141.59,l,Non,Oui
2022,2120122,1075.0,l,Non,Non
2022,2120123,415.0,kg,Non,Non
2022,2120124,28.0,kg,Non,Non
2022,2120129,1.2,l,Oui,Non
2022,2120130,2979.57,kg,Non,Non
2022,2120131,780.76,kg,Non,Non
2022,2120132,176770.65,kg,Non,Oui
2022,2120133,0.27,l,Non,Non
2022,2120135,4550.0,l,Non,Non
2022,2120140,420.0,kg,Non,Non
2022,2120142,343.49,kg,Non,Non
2022,2120143,1441036.2802,l,Non,Non
2022,2120144,235.0,l,Non,Non
2022,2120145,36.95,kg,Non,Non
2022,2120146,654.0,l,Non,Non
2022,2120149,1584.5,kg,Non,Oui
2022,2120151,40.0,l,Non,Non
2022,2120153,790164.75,l,Non,Non
2022,2120154,640.0,l,Non,Non
2022,2120155,6.85,l,Oui,Non
2022,2120157,2.5,l,Non,Non
2022,2120158,80900.0,kg,Non,Non
2022,2120159,185.05,l,Non,Non
2022,2120160,76758.93,l,Non,Non
2022,2120164,783.0,kg,Non,Non
2022,2120167,171.0,l,Non,Non
2022,2120168,216228.5,kg,Non,Oui
2022,2120171,3216.0,kg,Non,Non
2022,2120173,8.0,kg,Oui,Non
2022,2120174,159.0,l,Oui,Non
2022,2120176,209.0,kg,Non,Non
2022,2120177,8482.15,kg,Non,Non
2022,2120179,272694.6,kg,Non,Oui
2022,2120185,972.0,kg,Non,Non
2022,2120188,36.0,kg,Non,Non
2022,2120189,27430.56,kg,Non,Non
2022,2120191,48.0,kg,Non,Oui
2022,2120193,5275.0,l,Non,Non
2022,2120194,9.5,kg,Non,Oui
2022,2120199,501140.0,l,Non,Oui
2022,2120200,51.0,l,Non,Non
2022,2120203,2520.0,l,Non,Non
2022,2120205,520.0,l,Non,Non
2022,2120206,22632.65,l,Non,Non
2022,2120209,26700.0,kg,Non,Oui
2022,2120210,3094.0,l,Non,Non
2022,2120212,30.8,kg,Non,Oui
2022,2120213,0.49,l,Non,Non
2022,2120214,8.0,kg,Non,Non
2022,2120216,10.0,l,Non,Non
2022,2120219,772.45,l,Non,Non
2022,2130002,125.0,l,Non,Oui
2022,2130013,309.0,l,Non,Oui
2022,2130017,15.0,l,Non,Non
2022,2130021,7.0,l,Non,Non
2022,2130023,550.0,kg,Non,Oui
2022,2130026,100.0,l,Non,Non
2022,2130031,12295.0,kg,Non,Oui
2022,2130033,13.0,l,Non,Non
2022,2130034,230.0,kg,Non,Non
2022,2130038,5070.0,l,Non,Oui
2022,2130043,10.0,l,Non,Non
2022,2130049,189982.43,l,Non,Oui
2022,2130050,87.0,kg,Non,Oui
2022,2130059,102989.6,l,Non,Oui
2022,2130061,82055.9,l,Non,Non
2022,2130063,273289.31,l,Non,Non
2022,2130064,12.5,kg,Non,Non
2022,2130066,1353.75,kg,Non,Non
2022,2130067,35198.81,l,Non,Oui
2022,2130068,154118.36,l,Non,Oui
2022,2130069,97532.12,l,Non,Oui
2022,2130071,3350.0,l,Non,Non
2022,2130075,70163.7,kg,Non,Oui
2022,2130079,667.6,l,Non,Non
2022,2130081,47949.2,kg,Non,Non
2022,2130083,180896.32,l,Non,Oui
2022,2130084,652.0,kg,Non,Non
2022,2130085,2752.8,kg,Non,Non
2022,2130086,658016.61,kg,Non,Non
2022,2130087,260.0,kg,Non,Non
2022,2130088,1673.3,kg,Non,Non
2022,2130089,18.5,kg,Non,Non
2022,2130091,34659.02,l,Non,Non
2022,2130092,1548.01,l,Non,Non
2022,2130093,8.0,l,Oui,Non
2022,2130101,370.0,l,Non,Non
2022,2130102,13168.5,kg,Non,Non
2022,2130104,8.0,kg,Non,Oui
2022,2130105,198.4,kg,Non,Non
2022,2130106,3.2,kg,Non,Non
2022,2130108,2114.3,kg,Non,Non
2022,2130109,96.0,kg,Non,Non
2022,2130112,27185.0602,kg,Non,Non
2022,2130114,300.0,kg,Non,Oui
2022,2130115,34013.52,kg,Non,Non
2022,2130117,10.0,l,Non,Oui
2022,2130119,240.0,l,Non,Non
2022,2130122,485.0,l,Non,Non
2022,2130124,390.0,l,Non,Non
2022,2130125,1100.0,kg,Oui,Non
2022,2130126,48019.7,kg,Oui,Oui
2022,2130127,3860.0,kg,Non,Non
2022,2130129,7920.0,kg,Non,Non
2022,2130132,1650.0,l,Non,Non
2022,2130136,829.0,kg,Non,Non
2022,2130140,771982.8099,l,Non,Non
2022,2130142,1194.5,kg,Non,Oui
2022,2130143,1656.0,kg,Non,Non
2022,2130147,10.0,l,Non,Non
2022,2130148,20.0,kg,Non,Non
2022,2130151,0.94,kg,Oui,Non
2022,2130152,97921.74,l,Non,Oui
2022,2130153,15361.6599,l,Oui,Oui
2022,2130155,10.0,l,Non,Non
2022,2130158,1829.0,kg,Non,Oui
2022,2130160,539.0,l,Non,Non
2022,2130164,288744.33,l,Non,Oui
2022,2130167,4378.0,l,Non,Non
2022,2130168,11895.0,kg,Non,Non
2022,2130175,3038.62,l,Non,Non
2022,2130187,12580.0,l,Non,Non
2022,2130188,215.0,l,Non,Non
2022,2130192,180.0,l,Non,Non
2022,2130193,30436.0,l,Non,Non
2022,2130194,549.0,l,Non,Non
2022,2130195,20965.0,l,Non,Non
2022,2130198,15.0,l,Non,Non
2022,2130200,2796.0,l,Non,Non
2022,2130201,160.0,kg,Non,Oui
2022,2130202,398677.95,l,Non,Non
2022,2130203,413.0,l,Non,Oui
2022,2130212,29551.15,kg,Non,Oui
2022,2130215,5260.0,l,Non,Oui
2022,2130221,20.0,l,Non,Non
2022,2130230,557.5,kg,Non,Non
2022,2130236,25.0,kg,Non,Non
2022,2130242,155761.1999,l,Non,Non
2022,2130243,15.0,l,Non,Non
2022,2130244,86430.48,l,Non,Oui
2022,2130247,14497.7,l,Non,Oui
2022,2130248,1040.0,l,Non,Non
2022,2130249,313751.75,l,Non,Non
2022,2130251,74804.89,l,Non,Oui
2022,2130252,12565.0,l,Non,Non
2022,2130253,110396.0,l,Non,Non
2022,2130255,2650.0,kg,Non,Non
2022,2130258,180.0,l,Non,Oui
2022,2130259,7.0,l,Non,Oui
2022,2130260,1226.0,l,Non,Non
2022,2130261,40.0,kg,Non,Non
2022,2130265,1180.0,l,Non,Non
2022,2130266,339497.94,l,Non,Oui
2022,2130267,41.0,kg,Non,Non
2022,2130271,1517.99,l,Non,Non
2022,2130272,1064.46,kg,Non,Non
2022,2130274,4685.0,l,Non,Non
2022,2130276,3042.0,l,Non,Oui
2022,2130277,765209.9009,kg,Non,Oui
2022,2140001,7563.6,kg,Non,Oui
2022,2140002,3877.48,l,Non,Oui
2022,2140006,115.0,l,Non,Non
2022,2140008,3542.0,kg,Non,Non
2022,2140018,56246.1,l,Non,Non
2022,2140019,10.5,l,Non,Non
2022,2140021,17210.0,l,Non,Non
2022,2140022,105240.11,l,Non,Non
2022,2140023,3850.0,l,Non,Non
2022,2140027,4070.0,kg,Non,Non
2022,2140035,2217.0,l,Non,Oui
2022,2140037,4339.0,kg,Non,Non
2022,2140038,4040.12,l,Non,Non
2022,2140039,25.76,l,Non,Non
2022,2140040,359202.08,kg,Non,Oui
2022,2140042,8018.9,l,Non,Non
2022,2140043,188.0,kg,Non,Non
2022,2140044,4448.76,kg,Non,Non
2022,2140048,100.0,kg,Non,Non
2022,2140050,20965.01,kg,Non,Oui
2022,2140051,35246.3102,l,Non,Non
2022,2140052,16897.0,l,Non,Non
2022,2140056,90.0,kg,Non,Non
2022,2140059,1032.5,l,Non,Non
2022,2140062,99.1,l,Non,Oui
2022,2140065,89060.0,kg,Non,Non
2022,2140074,765.0,l,Non,Non
2022,2140077,3710.0,l,Non,Non
2022,2140078,156382.9001,l,Non,Non
2022,2140079,780.0,l,Non,Non
2022,2140080,325.0,l,Non,Non
2022,2140082,93023.21,l,Non,Non
2022,2140084,610343.0,l,Non,Non
2022,2140085,21736.0,l,Non,Oui
2022,2140086,855.0,kg,Non,Non
2022,2140089,11475.0,l,Non,Non
2022,2140090,34415.0,l,Non,Oui
2022,2140091,833.0,kg,Non,Non
2022,2140094,59.6,l,Non,Non
2022,2140098,474266.39,l,Non,Non
2022,2140099,16580.0,l,Non,Non
2022,2140104,205.9,l,Non,Non
2022,2140105,27449.15,l,Non,Non
2022,2140106,398.3,l,Oui,Oui
2022,2140107,5054.0,l,Non,Oui
2022,2140110,4675.0,l,Non,Non
2022,2140112,40.0,l,Non,Non
2022,2140115,5570.0,l,Non,Non
2022,2140117,11944.0,l,Non,Non
2022,2140121,187195.8302,l,Oui,Oui
2022,2140124,848.4,kg,Non,Non
2022,2140126,13135.0,kg,Non,Oui
2022,2140127,21578.1,kg,Non,Oui
2022,2140132,8197.8,l,Non,Non
2022,2140133,21619.2,kg,Non,Non
2022,2140134,1292.6,kg,Non,Non
2022,2140137,5651.51,kg,Non,Oui
2022,2140143,424.33,kg,Non,Non
2022,2140146,20564.2697,kg,Non,Non
2022,2140147,163837.08,l,Non,Oui
2022,2140148,14507.0999,l,Non,Non
2022,2140149,85.0,l,Non,Non
2022,2140152,30041.7,l,Non,Oui
2022,2140156,59604.0,l,Non,Non
2022,2140160,15253.7,l,Non,Non
2022,2140165,8952.0,kg,Non,Oui
2022,2140166,4571.0,l,Oui,Oui
2022,2140167,7923.03,l,Oui,Oui
2022,2140168,11606.01,l,Non,Non
2022,2140173,221255.4,l,Non,Oui
2022,2140175,244814.97,l,Non,Non
2022,2140177,10500.74,l,Non,Oui
2022,2140179,110449.1,l,Non,Oui
2022,2140180,3580.0,l,Non,Non
2022,2140181,100.0,kg,Non,Oui
2022,2140183,17.0,l,Non,Non
2022,2140184,7552.11,kg,Non,Non
2022,2140185,25.0,l,Non,Non
2022,2140187,11.5,l,Non,Non
2022,2140188,3175.0,l,Non,Non
2022,2140189,208.52,l,Non,Oui
2022,2140192,20.0,l,Non,Non
2022,2140193,3478.63,l,Oui,Oui
2022,2140194,3410.0,l,Non,Non
2022,2140196,76.9,kg,Non,Non
2022,2140199,31835.92,kg,Non,Non
2022,2140201,6510.0,l,Non,Oui
2022,2140207,38586.51,l,Non,Non
2022,2140208,2620.93,kg,Non,Non
2022,2140210,20.0,l,Non,Non
2022,2140213,4770.0,l,Non,Non
2022,2140215,124951.4101,kg,Non,Non
2022,2140225,65.0,l,Non,Non
2022,2140226,180.0,l,Non,Oui
2022,2140233,8140.0,kg,Non,Non
2022,2140235,60.0,l,Non,Oui
2022,2140238,1103.4,l,Non,Non
2022,2140240,44.0,kg,Non,Non
2022,2140242,390.0,l,Non,Non
2022,2140244,96.0,kg,Non,Non
2022,2140246,57.0,kg,Non,Non
2022,2140247,3955.0,l,Non,Oui
2022,2140248,10.0,l,Non,Non
2022,2140250,1160.0,l,Non,Non
2022,2140251,185.0,l,Non,Non
2022,2140252,67057.5098,kg,Oui,Oui
2022,2140254,7046.0,l,Non,Non
2022,2140255,58816.02,l,Non,Non
2022,2140256,22.45,l,Non,Non
2022,2140257,488436.16,l,Non,Oui
2022,2140258,118699.62,l,Non,Non
2022,2140259,45.0,kg,Non,Oui
2022,2140260,55.0,l,Non,Oui
2022,2140261,588.7,kg,Non,Non
2022,2140270,46881.71,l,Non,Non
2022,2140272,25.0,l,Non,Oui
2022,2140276,75.0,l,Non,Non
2022,2150002,11948.0,kg,Non,Non
2022,2150004,7.0,l,Non,Oui
2022,2150006,188.0,kg,Non,Non
2022,2150007,41153.8,kg,Non,Oui
2022,2150008,15626.75,kg,Non,Oui
2022,2150009,13825.0,kg,Non,Non
2022,2150011,2.5,l,Non,Non
2022,2150012,25334.62,l,Non,Oui
2022,2150014,15315.0,l,Non,Non
2022,2150016,9725.0,kg,Non,Non
2022,2150018,185.0,l,Non,Non
2022,2150019,135406.98,l,Non,Non
2022,2150020,828.45,kg,Non,Oui
2022,2150022,51638.95,l,Non,Non
2022,2150023,5.0,l,Non,Non
2022,2150025,700.0,l,Non,Non
2022,2150026,17395.0,l,Non,Non
2022,2150028,575617.89,l,Non,Oui
2022,2150031,2693.0,l,Non,Non
2022,2150033,1715.0,l,Non,Non
2022,2150042,116.0,kg,Non,Non
2022,2150044,6.0,l,Non,Oui
2022,2150051,19270.0,l,Non,Non
2022,2150054,1272.0,l,Non,Non
2022,2150058,26565.0,l,Non,Oui
2022,2150062,1045.0,l,Non,Non
2022,2150063,15.0,l,Non,Oui
2022,2150066,450.0,l,Non,Non
2022,2150067,372925.18,l,Non,Non
2022,2150068,8.0,l,Non,Non
2022,2150071,1225.0,l,Non,Non
2022,2150074,38510.09,l,Non,Non
2022,2150078,41552.0,l,Non,Non
2022,2150081,5870.64,l,Non,Non
2022,2150083,260.0,l,Non,Non
2022,2150084,54051.57,l,Non,Non
2022,2150085,20326.04,l,Non,Non
2022,2150086,4957.0,l,Non,Non
2022,2150087,4035.0,kg,Oui,Non
2022,2150088,0.7,kg,Non,Non
2022,2150096,170.0,kg,Non,Oui
2022,2150097,65.9,kg,Non,Non
2022,2150100,18.0,l,Oui,Oui
2022,2150103,1089406.0,l,Non,Non
2022,2150104,286551.0,l,Non,Oui
2022,2150105,52747.63,kg,Non,Non
2022,2150112,3010.0,kg,Non,Non
2022,2150118,655395.6299,kg,Non,Oui
2022,2150124,546.36,l,Non,Non
2022,2150125,23213.87,l,Non,Non
2022,2150130,6073.75,l,Non,Non
2022,2150140,7008151.8399,l,Non,Oui
2022,2150175,4.0,kg,Non,Non
2022,2150179,2283.24,kg,Non,Non
2022,2150215,621.5,kg,Non,Non
2022,2150223,149.0,l,Non,Non
2022,2150232,3636.02,l,Non,Non
2022,2150245,6453.0,l,Non,Non
2022,2150247,1510.0,l,Non,Non
2022,2150248,11075.0,l,Non,Non
2022,2150266,780.0,l,Non,Oui
2022,2150267,816.0,kg,Non,Non
2022,2150269,19830.0,l,Non,Non
2022,2150274,115.0,l,Non,Non
2022,2150277,21038.0,l,Non,Oui
2022,2150304,2655.0,l,Non,Non
2022,2150324,34.5,kg,Non,Non
2022,2150328,225.61,kg,Non,Non
2022,2150330,1590.0,kg,Non,Non
2022,2150336,99.06,kg,Non,Non
2022,2150352,3505.0,l,Non,Non
2022,2150353,7230.0,kg,Non,Oui
2022,2150355,110.0,l,Non,Non
2022,2150372,460.0,l,Non,Oui
2022,2150375,2890.0,l,Non,Oui
2022,2150387,54458.85,l,Non,Oui
2022,2150417,7736.4801,l,Oui,Oui
2022,2150438,50.0,kg,Non,Non
2022,2150443,24765.5,kg,Non,Non
2022,2150451,1369.0,l,Non,Oui
2022,2150456,420.0,kg,Non,Oui
2022,2150479,26173.43,l,Non,Non
2022,2150481,88765.65,kg,Non,Oui
2022,2150483,2241171.92,kg,Non,Non
2022,2150484,15206.64,l,Non,Non
2022,2150489,360.0,l,Non,Non
2022,2150493,2.0,l,Non,Oui
2022,2150571,8515.0,kg,Non,Oui
2022,2150572,145.0,kg,Non,Oui
2022,2150577,365.0,l,Non,Non
2022,2150626,3885.0,l,Non,Non
2022,2150641,108.0,kg,Non,Oui
2022,2150642,45.0,kg,Non,Oui
2022,2150646,618.0,l,Non,Oui
2022,2150660,12.0,kg,Non,Oui
2022,2150699,86.0,l,Non,Non
2022,2150742,582.0,l,Non,Oui
2022,2150747,255.0,kg,Non,Oui
2022,2150750,340.0,l,Non,Non
2022,2150752,162380.0,l,Non,Non
2022,2150753,30360.0,l,Non,Non
2022,2150755,5525.0,l,Non,Non
2022,2150757,28986.0,l,Non,Non
2022,2150758,285.0,l,Non,Oui
2022,2150763,5.0,l,Non,Oui
2022,2150766,3.0,kg,Non,Oui
2022,2150768,1266.0,kg,Non,Oui
2022,2150783,5.0,l,Non,Non
2022,2150785,52787.83,l,Non,Non
2022,2150786,1590.0,l,Non,Non
2022,2150789,19.3,kg,Oui,Non
2022,2150790,64690.69,kg,Oui,Non
2022,2150792,1135.0,kg,Non,Non
2022,2150845,35.0,l,Non,Non
2022,2150847,18.0,kg,Non,Non
2022,2150855,12373.5,l,Non,Non
2022,2150870,7372.0,l,Non,Oui
2022,2150889,3.6,kg,Non,Oui
2022,2150891,3280.0,l,Non,Non
2022,2150893,660.0,kg,Non,Oui
2022,2150900,26.0,kg,Non,Non
2022,2150914,153422.5201,kg,Non,Non
2022,2150918,24362.99,l,Non,Non
2022,2150919,1611.25,l,Non,Non
2022,2150921,1255.0,l,Non,Non
2022,2150944,1422.15,kg,Non,Non
2022,2150964,4376927.7998,kg,Non,Non
2022,2150968,103413.14,kg,Non,Non
2022,2150969,2821.7,kg,Oui,Oui
2022,2150973,111483.0,kg,Non,Non
2022,2150981,11.0,l,Non,Oui
2022,2150991,325.69,kg,Non,Non
2022,2159994,828.7,kg,Non,Non
2022,2159998,2.0,kg,Non,Non
2022,2160005,175.4,l,Non,Non
2022,2160008,23581.0,l,Non,Non
2022,2160016,32830.26,kg,Non,Non
2022,2160047,378.0,l,Non,Non
2022,2160064,44957.7301,l,Non,Oui
2022,2160071,24.0,l,Non,Oui
2022,2160103,3762.0,l,Non,Non
2022,2160106,60.0,l,Non,Non
2022,2160108,245.0,l,Non,Non
2022,2160114,5624.0,l,Non,Oui
2022,2160115,76385.5901,l,Oui,Oui
2022,2160120,837.0,kg,Non,Non
2022,2160128,1.0,l,Non,Oui
2022,2160129,20.0,l,Non,Non
2022,2160131,1951.0,l,Non,Non
2022,2160133,450.0,l,Non,Non
2022,2160160,215.0,l,Non,Non
2022,2160177,3355.38,l,Non,Oui
2022,2160178,5610.0,l,Non,Non
2022,2160198,4443.0,l,Non,Oui
2022,2160199,385.0,l,Non,Oui
2022,2160200,14340.66,l,Non,Oui
2022,2160208,154565.0,l,Non,Oui
2022,2160226,1448728.34,kg,Non,Non
2022,2160229,25.0,l,Non,Non
2022,2160230,93.62,l,Non,Non
2022,2160248,66643.97,l,Non,Oui
2022,2160260,280149.9,l,Non,Non
2022,2160263,6790.0,l,Non,Non
2022,2160272,852.61,l,Non,Oui
2022,2160278,7056.0,kg,Non,Oui
2022,2160292,2364.0,kg,Non,Non
2022,2160312,1460.0,l,Non,Non
2022,2160324,170.0,l,Non,Non
2022,2160326,10765.0,l,Non,Oui
2022,2160343,11587.0,l,Non,Oui
2022,2160374,600.0,l,Non,Non
2022,2160383,878.02,kg,Non,Non
2022,2160384,84837.69,l,Non,Non
2022,2160387,120407.2,l,Non,Oui
2022,2160390,408.7,kg,Non,Non
2022,2160393,60.0,l,Non,Non
2022,2160395,3886.6,l,Non,Non
2022,2160397,1471.0,l,Non,Oui
2022,2160398,88.0,kg,Non,Non
2022,2160400,3260.0,l,Non,Oui
2022,2160401,15.0,l,Non,Non
2022,2160402,18545.0,l,Non,Non
2022,2160403,34.0,l,Non,Oui
2022,2160404,22.0,l,Non,Non
2022,2160407,2230.0,l,Non,Non
2022,2160408,120.0,l,Non,Non
2022,2160409,3467.0,kg,Non,Non
2022,2160417,4442.0,kg,Non,Non
2022,2160421,174.0,l,Non,Oui
2022,2160423,15399.64,kg,Non,Non
2022,2160433,90.0,kg,Non,Non
2022,2160454,3250.0,kg,Non,Non
2022,2160456,41.1,kg,Non,Non
2022,2160475,809749.0,kg,Non,Oui
2022,2160477,222.0,l,Non,Non
2022,2160478,60.0,l,Non,Oui
2022,2160479,152243.8,l,Non,Oui
2022,2160484,52783.09,l,Non,Oui
2022,2160487,94.0,l,Non,Non
2022,2160492,140.5,kg,Non,Non
2022,2160494,2091.0,kg,Non,Non
2022,2160508,133.0,l,Non,Oui
2022,2160512,8160.0,kg,Non,Non
2022,2160527,48145.0,l,Non,Oui
2022,2160549,855.0,kg,Non,Oui
2022,2160555,8442.88,kg,Non,Non
2022,2160556,6312.49,l,Non,Non
2022,2160608,3314.0,l,Non,Non
2022,2160615,5991.15,kg,Oui,Non
2022,2160617,327095.87,l,Non,Non
2022,2160658,600.0,l,Non,Non
2022,2160659,5519.79,kg,Non,Non
2022,2160662,4235.0,l,Non,Non
2022,2160686,5333.5,kg,Non,Non
2022,2160693,146188.69,l,Non,Oui
2022,2160694,4084.0,kg,Non,Non
2022,2160702,30.0,l,Non,Non
2022,2160704,30.0,kg,Non,Non
2022,2160705,36430.0,kg,Non,Non
2022,2160706,6.8,l,Non,Non
2022,2160710,9165.0,l,Non,Non
2022,2160711,485.0,kg,Non,Non
2022,2160713,2726.5,l,Non,Non
2022,2160718,259.0,kg,Non,Oui
2022,2160723,23.5,l,Non,Non
2022,2160724,177912.5,l,Non,Non
2022,2160726,170480.48,l,Non,Oui
2022,2160727,9290.5,kg,Non,Non
2022,2160730,958.82,l,Non,Non
2022,2160739,8979.0,l,Non,Non
2022,2160749,24370.0,l,Non,Non
2022,2160752,43374.53,l,Non,Non
2022,2160756,51206.5,l,Non,Oui
2022,2160757,45.0,l,Non,Non
2022,2160764,8764.95,l,Non,Non
2022,2160781,74581.0,l,Non,Oui
2022,2160783,6048.0,l,Non,Non
2022,2160792,3270.0,kg,Non,Non
2022,2160802,27195.0,l,Non,Non
2022,2160814,706.0,l,Non,Non
2022,2160816,8351.0,l,Non,Non
2022,2160817,16240.87,l,Non,Non
2022,2160818,328128.9999,l,Non,Oui
2022,2160824,2971.0,kg,Non,Oui
2022,2160826,1540.0,l,Non,Non
2022,2160827,2.0,l,Non,Oui
2022,2160830,6071.9,l,Non,Oui
2022,2160836,16.66,l,Non,Non
2022,2160839,17208.8,l,Non,Non
2022,2160841,6401.11,kg,Non,Non
2022,2160842,10498.5,kg,Non,Oui
2022,2160845,38425.0,kg,Non,Non
2022,2160859,10.0,l,Non,Non
2022,2160860,44298.0,l,Non,Non
2022,2160900,9210.0,l,Non,Non
2022,2160901,466.0,kg,Non,Non
2022,2160904,320.0,l,Non,Non
2022,2160913,220.0,l,Non,Non
2022,2160917,40304.8,l,Non,Non
2022,2160920,252741.32,l,Non,Oui
2022,2160929,724.36,kg,Non,Non
2022,2160931,942018.1999,l,Non,Oui
2022,2160933,104.8,kg,Non,Non
2022,2160935,425.0,kg,Non,Non
2022,2160936,92439.17,l,Non,Non
2022,2160937,205025.43,l,Non,Oui
2022,2160939,30.0,l,Non,Non
2022,2160950,51035.1004,kg,Non,Oui
2022,2160951,329.0,l,Non,Non
2022,2160953,5240.0,l,Non,Non
2022,2160954,200.0,l,Non,Non
2022,2160958,52884.0,kg,Non,Non
2022,2160959,497973.3599,l,Non,Oui
2022,2160960,0.72,l,Non,Non
2022,2160962,25600.1,l,Non,Oui
2022,2160963,20412.08,l,Non,Oui
2022,2160965,690.0,l,Non,Non
2022,2160967,67545.67,l,Non,Non
2022,2160970,469.0,l,Non,Non
2022,2160971,10.0,l,Non,Oui
2022,2160976,107.28,kg,Non,Non
2022,2160983,1134.0,kg,Non,Non
2022,2160984,1610.0,l,Non,Non
2022,2160985,108760.0,l,Non,Non
2022,2160996,12400.0,l,Non,Non
2022,2161016,57685.0,l,Non,Oui
2022,2161035,47.7,kg,Non,Non
2022,2161067,37.77,kg,Non,Non
2022,2161068,5700.0,l,Non,Non
2022,2161073,55.0,kg,Non,Oui
2022,2161080,11880.0,l,Non,Non
2022,2161082,32.0,kg,Non,Non
2022,2161083,3941.11,l,Non,Non
2022,2161101,337252.59,l,Non,Non
2022,2161105,1233.0,l,Non,Non
2022,2161106,270.0,l,Non,Non
2022,2169998,122.93,kg,Non,Non
2022,2169999,9544.0,l,Non,Oui
2022,2170031,95652.0,l,Non,Oui
2022,2170032,24685.0,l,Non,Non
2022,2170035,4210.91,kg,Non,Non
2022,2170042,380.0,l,Non,Non
2022,2170055,2097.0,l,Non,Non
2022,2170059,563.0,kg,Non,Non
2022,2170061,255.0,l,Non,Non
2022,2170085,339424.8503,l,Non,Non
2022,2170089,1492.0,l,Non,Non
2022,2170110,60.0,l,Non,Non
2022,2170139,2337.8,l,Non,Non
2022,2170145,444.9,l,Non,Oui
2022,2170146,7260.0,l,Non,Non
2022,2170149,7205.0,l,Non,Non
2022,2170151,3476.0,l,Non,Non
2022,2170158,131246.3,l,Non,Non
2022,2170166,34.0,kg,Non,Oui
2022,2170194,165.0,l,Non,Non
2022,2170197,445.0,l,Non,Non
2022,2170200,310.0,l,Non,Non
2022,2170208,71141.74,kg,Non,Non
2022,2170216,9832.08,kg,Non,Non
2022,2170224,4750.0,l,Non,Non
2022,2170225,0.18,kg,Non,Non
2022,2170227,1205.0,l,Non,Non
2022,2170228,10.0,l,Non,Non
2022,2170230,796.41,l,Non,Non
2022,2170232,3250.0,l,Non,Non
2022,2170236,4617.0,kg,Non,Non
2022,2170237,4990.66,kg,Non,Non
2022,2170238,4617.83,kg,Non,Non
2022,2170243,34943.0599,l,Oui,Oui
2022,2170263,46314.42,l,Non,Oui
2022,2170276,5.0,l,Non,Oui
2022,2170314,885.0,l,Non,Oui
2022,2170315,2260.0,l,Non,Oui
2022,2170321,4165.0,l,Non,Non
2022,2170323,1.0,kg,Non,Non
2022,2170332,12584.89,l,Non,Non
2022,2170335,4040.0,l,Non,Oui
2022,2170355,933.69,l,Oui,Oui
2022,2170358,1525.0,kg,Non,Non
2022,2170360,530.0,l,Non,Non
2022,2170361,410.0,l,Non,Non
2022,2170362,158.6,l,Non,Non
2022,2170381,474055.72,l,Non,Oui
2022,2170392,5955.56,kg,Non,Non
2022,2170395,260.0,l,Non,Non
2022,2170401,16.0,kg,Non,Oui
2022,2170403,280.0,l,Non,Oui
2022,2170410,872.0,l,Non,Non
2022,2170412,41565.11,l,Non,Non
2022,2170421,42857.0,l,Non,Non
2022,2170422,5495.0,l,Non,Non
2022,2170423,17830.0,l,Non,Non
2022,2170424,50512.8,l,Non,Non
2022,2170425,79741.16,l,Non,Non
2022,2170428,3623.6,kg,Non,Non
2022,2170429,219422.03,l,Non,Oui
2022,2170430,260.0,l,Non,Non
2022,2170434,13312.1,kg,Non,Non
2022,2170435,418.6,kg,Non,Oui
2022,2170437,3493.05,l,Non,Non
2022,2170455,5977.6,l,Non,Non
2022,2170457,57040.0,l,Non,Non
2022,2170458,157883.71,kg,Non,Non
2022,2170459,24069.63,l,Non,Non
2022,2170462,102300.0,l,Non,Oui
2022,2170464,71850.0,l,Non,Non
2022,2170498,2364.0,kg,Non,Non
2022,2170501,824.2,kg,Non,Non
2022,2170524,3696.0,kg,Non,Non
2022,2170547,2036.3,kg,Non,Non
2022,2170576,1470.0,l,Non,Non
2022,2170586,2.5,l,Non,Oui
2022,2170650,1441.0,kg,Non,Non
2022,2170654,2643.18,kg,Non,Non
2022,2170684,11765.0,l,Non,Oui
2022,2170685,8339.27,l,Oui,Oui
2022,2170686,6852.0,l,Non,Non
2022,2170687,16475.0,kg,Non,Oui
2022,2170691,62122.6,l,Non,Oui
2022,2170697,1171.69,kg,Non,Non
2022,2170698,11997.0,kg,Non,Non
2022,2170700,1198.65,l,Non,Oui
2022,2170702,2568.0,kg,Non,Non
2022,2170711,568.71,kg,Non,Non
2022,2170712,29122.0,l,Non,Non
2022,2170713,116.0,l,Non,Non
2022,2170716,77.0,kg,Non,Oui
2022,2170724,403.0,l,Non,Non
2022,2170747,56.0,l,Non,Oui
2022,2170752,5564.99,l,Non,Oui
2022,2170757,345298.62,l,Non,Oui
2022,2170769,740.0,l,Non,Oui
2022,2170773,430.0,l,Non,Non
2022,2170774,3795.0,l,Non,Non
2022,2170780,252.25,kg,Non,Non
2022,2170781,13.0,l,Non,Non
2022,2170785,2078.45,kg,Non,Non
2022,2170793,7240.0,l,Non,Non
2022,2170795,529.5,kg,Non,Oui
2022,2170796,355.0,l,Non,Oui
2022,2170803,5224.89,l,Non,Non
2022,2170807,8250.0,l,Non,Non
2022,2170810,3295.0,l,Non,Non
2022,2170821,25.6,kg,Non,Non
2022,2170823,165.0,l,Non,Oui
2022,2170826,1479.0,l,Non,Non
2022,2170827,1055.0,l,Non,Non
2022,2170830,15.0,l,Non,Non
2022,2170831,23.0,kg,Non,Non
2022,2170835,498.39,l,Non,Non
2022,2170836,279.0,l,Non,Non
2022,2170839,11057.5,l,Non,Oui
2022,2170840,1260.0,l,Non,Non
2022,2170843,905.0,l,Non,Oui
2022,2170853,120.0,l,Non,Non
2022,2170854,82435.0,l,Non,Non
2022,2170857,590.0,kg,Non,Non
2022,2170858,2562.5,l,Non,Non
2022,2170893,671.0,l,Non,Oui
2022,2170898,170.0,l,Non,Non
2022,2170900,940.0,l,Non,Non
2022,2170912,210.0,l,Non,Non
2022,2170913,596.0,l,Non,Non
2022,2170914,2.0,l,Non,Non
2022,2170917,2160.0,l,Non,Oui
2022,2170923,5360.0,l,Non,Oui
2022,2170927,173.59,l,Non,Non
2022,2170932,0.43,l,Oui,Non
2022,2170933,101788.43,kg,Non,Oui
2022,2170960,77.48,kg,Non,Non
2022,2170977,2688.97,l,Oui,Oui
2022,2170978,2957.25,l,Oui,Oui
2022,2170979,31584.36,kg,Non,Non
2022,2170992,7679.7,l,Non,Non
2022,2170997,11880.0,kg,Non,Non
2022,2171002,1647.0,kg,Non,Non
2022,2171010,12937.46,l,Non,Non
2022,2171025,5147.0,l,Non,Non
2022,2171035,74957.1001,l,Non,Non
2022,2171049,5210.0,l,Non,Non
2022,2171054,358287.15,l,Non,Oui
2022,2171056,154.98,kg,Non,Non
2022,2171058,2451.0,l,Non,Non
2022,2171066,63153.37,l,Non,Non
2022,2171067,4599.84,l,Oui,Oui
2022,2171073,3365.1,kg,Non,Oui
2022,2171086,1304.0,l,Non,Non
2022,2171089,54893.0,kg,Non,Non
2022,2171111,220145.2101,l,Non,Oui
2022,2171119,57670.09,kg,Non,Oui
2022,2171123,9075.56,l,Non,Oui
2022,2171124,1006.91,kg,Non,Oui
2022,2171126,1564.46,kg,Non,Oui
2022,2171134,48380.56,l,Non,Oui
2022,2171140,34269.0,kg,Non,Non
2022,2171141,234488.85,l,Non,Oui
2022,2171155,9.0,kg,Non,Non
2022,2171174,300.0,l,Non,Non
2022,2171178,5280.0,l,Non,Non
2022,2171179,3150.0,l,Non,Non
2022,2171182,580.0,l,Non,Non
2022,2171193,12025.0,l,Non,Oui
2022,2171195,16020.0,kg,Non,Non
2022,2171200,159852.6,kg,Non,Oui
2022,2171204,4209.6,kg,Non,Non
2022,2171223,323.0,l,Non,Oui
2022,2171228,9115.0,l,Non,Oui
2022,2171233,1465.0,l,Non,Non
2022,2171236,4210.0,l,Non,Non
2022,2171243,21795.0,kg,Non,Oui
2022,2171248,465.84,kg,Non,Non
2022,2171250,329.12,l,Oui,Oui
2022,2171251,164.0,kg,Non,Non
2022,2171253,63406.6704,l,Non,Non
2022,2171306,5542.0,l,Non,Non
2022,2171307,3433.8,kg,Non,Non
2022,2171312,211.7,l,Oui,Oui
2022,2171317,20590.0,l,Non,Non
2022,2171322,762.0,l,Non,Non
2022,2179999,6133.0,l,Non,Non
2022,2180001,27299.0,l,Non,Non
2022,2180009,21125.44,kg,Non,Oui
2022,2180029,336.0,l,Non,Oui
2022,2180035,5316.0,kg,Non,Oui
2022,2180039,4366.0,l,Non,Non
2022,2180043,245.0,l,Non,Oui
2022,2180047,130.0,l,Non,Non
2022,2180055,1830.0,l,Non,Non
2022,2180058,1109.94,kg,Non,Non
2022,2180088,124484.4,l,Non,Oui
2022,2180094,3345.0,l,Non,Non
2022,2180120,17.0,kg,Non,Non
2022,2180122,10819.0,kg,Non,Non
2022,2180123,2142.07,l,Non,Non
2022,2180124,88169.83,l,Non,Oui
2022,2180127,42.0,l,Non,Non
2022,2180147,49817.0,kg,Non,Non
2022,2180165,22358.89,l,Non,Non
2022,2180189,32399.61,kg,Non,Oui
2022,2180196,44955.0,l,Non,Non
2022,2180198,533.0,l,Non,Non
2022,2180226,729.15,l,Non,Non
2022,2180233,59280.44,l,Non,Non
2022,2180241,347.0,l,Non,Non
2022,2180244,412.0,l,Oui,Non
2022,2180245,3121.0,l,Non,Non
2022,2180246,6670.0,kg,Non,Non
2022,2180256,26340.9,kg,Oui,Oui
2022,2180257,5.78,kg,Non,Non
2022,2180260,1009876.93,kg,Non,Non
2022,2180275,48.0,kg,Oui,Non
2022,2180283,7684.0,kg,Oui,Non
2022,2180289,5.25,l,Oui,Non
2022,2180309,3455.8,l,Non,Non
2022,2180318,1255.0,l,Non,Non
2022,2180319,6302.21,l,Oui,Oui
2022,2180334,2992.9,l,Non,Non
2022,2180335,1432.36,l,Non,Non
2022,2180337,9660.0,kg,Non,Non
2022,2180355,2170.0,kg,Non,Oui
2022,2180358,1095.0,l,Non,Non
2022,2180369,16140.0,l,Non,Non
2022,2180375,3395.0,l,Non,Non
2022,2180379,36025.02,l,Non,Oui
2022,2180380,61080.88,l,Non,Non
2022,2180385,1615.0,l,Non,Non
2022,2180396,503.0,l,Non,Non
2022,2180401,4685.0,l,Non,Non
2022,2180404,150386.08,l,Non,Non
2022,2180408,331.0,l,Oui,Non
2022,2180428,335.25,l,Non,Non
2022,2180436,287.0,l,Non,Non
2022,2180441,9540.0,l,Non,Non
2022,2180460,11260.0,kg,Non,Non
2022,2180461,109001.45,kg,Non,Non
2022,2180462,191155.0,kg,Non,Non
2022,2180463,486135.0,kg,Non,Non
2022,2180474,30765.0,l,Non,Non
2022,2180549,1681.24,kg,Non,Non
2022,2180581,5964.0,l,Non,Non
2022,2180593,18115.52,l,Non,Non
2022,2180598,10315.0,l,Non,Non
2022,2180619,244040.8,l,Non,Oui
2022,2180625,843.0,l,Non,Oui
2022,2180631,5660.0,l,Non,Non
2022,2180633,148880.8601,l,Non,Non
2022,2180636,80.0,l,Non,Non
2022,2180638,100.5,kg,Non,Oui
2022,2180651,6407.41,kg,Non,Non
2022,2180662,5217.0,l,Non,Non
2022,2180670,55640.0,kg,Non,Non
2022,2180672,30558.91,l,Non,Non
2022,2180685,130.0,kg,Non,Oui
2022,2180688,48.0,l,Non,Oui
2022,2180689,20.0,l,Non,Oui
2022,2180690,3160.0,l,Non,Oui
2022,2180692,210.0,l,Non,Non
2022,2180694,11670.0,l,Non,Non
2022,2180703,28644.76,l,Non,Non
2022,2180712,12040.0,l,Non,Non
2022,2180714,10797.0,l,Non,Non
2022,2180720,32117.0,l,Non,Non
2022,2180730,9994.5,l,Non,Non
2022,2180735,7268.0,l,Non,Oui
2022,2180751,157.0,l,Non,Non
2022,2180756,4138.5,kg,Non,Non
2022,2180766,139.98,l,Non,Non
2022,2180807,476379.3,l,Non,Non
2022,2180829,92338.17,l,Non,Non
2022,2180834,20308.86,kg,Non,Non
2022,2180858,324.46,kg,Oui,Oui
2022,2180864,102924.38,l,Non,Oui
2022,2180865,1037.94,l,Non,Non
2022,2180881,14.5,kg,Non,Non
2022,2180882,880.0,l,Non,Non
2022,2180884,6386.0,l,Non,Oui
2022,2180888,1323.93,l,Oui,Oui
2022,2180901,12260.0,kg,Non,Non
2022,2189993,10456.2,kg,Oui,Oui
2022,2189994,539.7,kg,Oui,Non
2022,2189996,12218.0,l,Non,Non
2022,2189997,1780.0,kg,Non,Non
2022,2189998,6.4,kg,Non,Non
2022,2190010,6267.5,kg,Non,Non
2022,2190016,362392.0,l,Non,Oui
2022,2190019,150.0,l,Non,Non
2022,2190025,300.0,kg,Non,Non
2022,2190040,108843.8799,l,Non,Non
2022,2190041,54009.7,l,Non,Non
2022,2190047,15920.01,l,Non,Non
2022,2190053,8316.0,l,Non,Non
2022,2190054,61715.0,l,Non,Non
2022,2190062,161000.67,l,Non,Oui
2022,2190065,114660.0,l,Non,Non
2022,2190066,8835.9,kg,Oui,Non
2022,2190088,3734.43,l,Oui,Oui
2022,2190097,296975.9296,l,Non,Oui
2022,2190102,40.0,l,Non,Non
2022,2190105,1060.0,l,Non,Non
2022,2190108,5.0,l,Non,Oui
2022,2190129,5539.9,l,Non,Non
2022,2190146,105.3,kg,Non,Non
2022,2190148,2384.31,l,Non,Non
2022,2190149,66613.81,l,Non,Non
2022,2190160,42150.0,l,Non,Oui
2022,2190161,1315.0,l,Non,Oui
2022,2190170,880.0,l,Non,Non
2022,2190173,2240791.5701,kg,Non,Non
2022,2190190,189.1,l,Oui,Non
2022,2190191,50.0,l,Non,Non
2022,2190198,370310.0,l,Non,Non
2022,2190206,185.0,l,Non,Non
2022,2190208,360.0,l,Non,Non
2022,2190214,799342.9801,l,Non,Oui
2022,2190215,4531.33,l,Non,Non
2022,2190218,10.0,kg,Non,Oui
2022,2190243,1769.0,l,Non,Non
2022,2190246,320844.7,l,Non,Non
2022,2190249,729.0,l,Non,Non
2022,2190254,3969.0,l,Non,Non
2022,2190259,9.0,l,Non,Oui
2022,2190265,38565.0,kg,Non,Non
2022,2190266,661.5,kg,Non,Oui
2022,2190268,19615.2,l,Non,Non
2022,2190303,40.0,l,Non,Non
2022,2190304,2625.0,l,Non,Non
2022,2190306,24.0,l,Non,Non
2022,2190307,665.0,l,Non,Non
2022,2190311,53366.57,l,Non,Non
2022,2190312,65.1,l,Non,Non
2022,2190319,41216.18,l,Oui,Non
2022,2190321,146171.85,l,Non,Non
2022,2190328,5425.0,l,Non,Non
2022,2190331,80.0,l,Non,Non
2022,2190332,56.2,kg,Non,Non
2022,2190333,80.0,l,Non,Non
2022,2190334,790.0,l,Non,Non
2022,2190346,124.23,kg,Oui,Non
2022,2190357,10.0,l,Non,Oui
2022,2190388,8255.0,l,Non,Non
2022,2190395,61603.4,l,Non,Non
2022,2190441,3640.0,l,Non,Non
2022,2190451,5583.0,l,Non,Non
2022,2190453,140.8,l,Non,Oui
2022,2190454,405.0,l,Non,Non
2022,2190457,128.16,kg,Non,Non
2022,2190461,7450.0,l,Non,Non
2022,2190463,540.0,l,Non,Non
2022,2190464,1650.0,l,Non,Non
2022,2190466,80.0,l,Non,Non
2022,2190467,3638.0,l,Non,Non
2022,2190468,4751.41,kg,Non,Non
2022,2190483,65.0,l,Non,Non
2022,2190484,1161.0,l,Non,Non
2022,2190485,910.0,l,Non,Non
2022,2190486,1485.0,l,Non,Non
2022,2190488,490.2,l,Non,Oui
2022,2190490,155.5,kg,Non,Non
2022,2190499,142155.0098,l,Non,Non
2022,2190509,215068.34,l,Non,Oui
2022,2190537,155443.96,kg,Non,Oui
2022,2190538,7321.75,l,Non,Non
2022,2190546,2020.0,l,Non,Oui
2022,2190548,7820.0,l,Non,Non
2022,2190549,374.0,kg,Non,Oui
2022,2190550,17.51,kg,Non,Non
2022,2190559,32829.35,l,Non,Non
2022,2190561,582.82,kg,Non,Non
2022,2190567,5100.0,l,Non,Non
2022,2190572,2615.0,l,Non,Non
2022,2190590,102.0,kg,Non,Non
2022,2190591,18760.0,l,Non,Non
2022,2190594,4874.86,l,Non,Non
2022,2190598,4957.09,l,Non,Oui
2022,2190607,68745.1,l,Non,Non
2022,2190608,44036.63,l,Non,Non
2022,2190621,32815.3,l,Non,Non
2022,2190632,32100.0,kg,Non,Non
2022,2190634,226242.83,l,Non,Non
2022,2190635,35565.0,l,Non,Non
2022,2190639,204799.09,l,Non,Non
2022,2190652,33385.0,kg,Non,Non
2022,2190659,79.0,l,Non,Non
2022,2190673,32.0,kg,Non,Non
2022,2190686,910008.29,l,Non,Oui
2022,2190687,58673.3,kg,Non,Non
2022,2190689,1377.0,l,Non,Non
2022,2190717,596.0,l,Non,Oui
2022,2190722,322767.2,l,Non,Oui
2022,2190730,32890.5,l,Non,Non
2022,2190738,2350.0,kg,Non,Oui
2022,2190760,24024.9,kg,Oui,Oui
2022,2190779,3065.0,l,Non,Oui
2022,2190808,18258.86,l,Oui,Oui
2022,2190811,10927.78,l,Oui,Oui
2022,2190843,40.0,l,Non,Non
2022,2190855,9343.5,l,Non,Non
2022,2190858,1372.0,kg,Non,Non
2022,2190863,335.0,l,Non,Oui
2022,2190870,15450.0,l,Non,Non
2022,2190874,1334.0,l,Oui,Oui
2022,2190882,15410.0,l,Non,Non
2022,2190883,74193.49,l,Non,Oui
2022,2190893,10250.3,kg,Non,Non
2022,2190907,5415.0,l,Non,Non
2022,2190916,73.0,kg,Non,Non
2022,2190918,325.0,l,Non,Non
2022,2190919,29860.0,kg,Non,Non
2022,2190925,20114.99,l,Non,Non
2022,2190933,210.0,l,Non,Oui
2022,2190934,11.0,l,Non,Oui
2022,2190938,734.0,l,Non,Non
2022,2190939,16540.0,l,Non,Non
2022,2190954,1501.0,l,Non,Non
2022,2190961,3145.0,l,Non,Non
2022,2190963,3552.0,kg,Non,Non
2022,2190964,30345.0,kg,Non,Non
2022,2190968,315.0,l,Non,Non
2022,2190971,2755.0,l,Non,Non
2022,2190972,160.0,kg,Non,Oui
2022,2190975,94.0,l,Non,Non
2022,2199997,3906.0,l,Non,Non
2022,2199998,3212.0,l,Non,Non
2022,2200012,291.0,l,Non,Non
2022,2200015,2190.0,kg,Non,Non
2022,2200017,1650.0,kg,Non,Oui
2022,2200019,6315.0,l,Non,Non
2022,2200038,1260.0,kg,Non,Non
2022,2200048,1559.0,l,Non,Non
2022,2200059,24574.0301,l,Oui,Oui
2022,2200060,224.09,l,Non,Oui
2022,2200061,2420.0,l,Non,Non
2022,2200063,124210.5,l,Non,Non
2022,2200066,441215.35,l,Non,Oui
2022,2200067,3838.02,kg,Oui,Oui
2022,2200068,2490.65,kg,Oui,Oui
2022,2200078,40681.0,l,Non,Non
2022,2200101,6196.0,l,Non,Non
2022,2200103,1605.0,l,Non,Non
2022,2200106,920.0,l,Non,Non
2022,2200123,18547.07,l,Non,Non
2022,2200132,10744.72,l,Non,Non
2022,2200142,22.0,kg,Non,Non
2022,2200150,513.0,kg,Non,Non
2022,2200165,10602.0,l,Non,Non
2022,2200195,3120.0,kg,Non,Oui
2022,2200197,97.0,l,Non,Non
2022,2200206,20.0,l,Non,Non
2022,2200215,152627.2,l,Non,Non
2022,2200241,3030.0,l,Non,Non
2022,2200258,3080.0,l,Non,Non
2022,2200259,319.0,l,Non,Non
2022,2200272,21051.4,l,Non,Non
2022,2200273,14971.0,l,Non,Non
2022,2200274,6952.0,kg,Non,Non
2022,2200275,1189.5,kg,Non,Non
2022,2200296,4458.0,l,Non,Non
2022,2200299,8067.0,l,Non,Non
2022,2200300,555.0,l,Non,Non
2022,2200304,304.0,l,Non,Non
2022,2200305,785.0,l,Non,Oui
2022,2200310,8460.01,l,Non,Oui
2022,2200317,24572.1,l,Non,Non
2022,2200333,8986.25,l,Non,Non
2022,2200334,735.0,l,Non,Non
2022,2200335,20.0,l,Non,Non
2022,2200339,3710.0,l,Non,Non
2022,2200354,1665.0,kg,Non,Non
2022,2200372,158.0,l,Oui,Non
2022,2200388,2492.93,kg,Non,Non
2022,2200389,8793.57,kg,Non,Non
2022,2200393,24650.0,l,Non,Oui
2022,2200399,3.0,kg,Non,Non
2022,2200451,927.0,l,Non,Oui
2022,2200464,108.0,l,Non,Non
2022,2200476,11565.0,l,Non,Non
2022,2200509,156.0,kg,Non,Oui
2022,2200510,14.0,kg,Non,Oui
2022,2200513,5810.0,l,Non,Non
2022,2200514,3665.0,l,Non,Oui
2022,2200515,40.0,l,Non,Oui
2022,2200518,33734.0,l,Non,Non
2022,2200519,31270.0,l,Non,Non
2022,2200521,22605.0,l,Non,Non
2022,2200526,19151.91,l,Oui,Oui
2022,2200532,13671.0,l,Non,Oui
2022,2200588,635.0,l,Non,Non
2022,2200589,52720.0,kg,Non,Oui
2022,2200591,1435.01,l,Non,Non
2022,2200593,6435.0,l,Non,Oui
2022,2200594,325.0,l,Non,Non
2022,2200595,15959.3999,kg,Non,Non
2022,2200620,5060.0,l,Non,Non
2022,2200675,3073.0,l,Non,Non
2022,2200682,169.8,kg,Non,Non
2022,2200686,465.2,l,Non,Non
2022,2200709,1230.0,l,Non,Non
2022,2200718,147.0,l,Non,Non
2022,2200720,2940.0,l,Non,Non
2022,2200721,550.0,l,Non,Non
2022,2200724,23520.0,l,Non,Non
2022,2200736,17043.7998,l,Non,Non
2022,2200753,709642.9401,l,Non,Non
2022,2200756,255339.07,l,Non,Non
2022,2200760,3116.0,l,Non,Non
2022,2200775,4780.0,l,Non,Non
2022,2200779,1865.0,kg,Non,Non
2022,2200839,52124.0,l,Non,Oui
2022,2200844,36640.0,l,Non,Non
2022,2200861,49220.0,kg,Non,Non
2022,2200862,2940.0,kg,Non,Non
2022,2200883,7140.0,l,Non,Non
2022,2200884,8080.0,l,Non,Non
2022,2200886,5.5,kg,Non,Oui
2022,2200888,1314.0,l,Non,Non
2022,2200889,36.8,kg,Non,Oui
2022,2200891,34362.54,l,Non,Non
2022,2200893,4340.0,l,Non,Non
2022,2200894,2305.0,l,Non,Non
2022,2200895,10563.0,l,Non,Non
2022,2200899,90262.4001,l,Non,Non
2022,2200904,14900.0,l,Non,Non
2022,2200905,1467.5,l,Non,Non
2022,2200914,1330.5,kg,Non,Oui
2022,2200989,3175.0,l,Non,Non
2022,2200990,420.0,l,Non,Non
2022,2200991,1355.0,l,Non,Non
2022,2200993,147.0,l,Non,Oui
2022,2201007,11410.0,l,Non,Non
2022,2201009,7334.0,l,Non,Non
2022,2201010,1810.6,l,Non,Non
2022,2201012,279.0,l,Non,Non
2022,2209999,392.0,kg,Non,Non
2022,2210008,1523.0,l,Non,Non
2022,2210009,109800.0,l,Non,Non
2022,2210010,943.5,kg,Non,Non
2022,2210011,6850.0,l,Non,Non
2022,2210012,35435.0,l,Non,Non
2022,2210013,133985.0,l,Non,Non
2022,2210020,1140.0,l,Non,Non
2022,2210027,2775.0,l,Non,Non
2022,2210028,1605.0,l,Non,Non
2022,2210036,4341.0,l,Non,Non
2022,2210043,525.0,l,Non,Non
2022,2210047,1426.0,l,Non,Non
2022,2210058,1945.0,l,Non,Non
2022,2210063,310.0,l,Non,Non
2022,2210065,829.0,l,Non,Non
2022,2210066,1930.0,l,Non,Non
2022,2210071,177.0,kg,Non,Non
2022,2210072,259.0,kg,Non,Non
2022,2210073,239.99,kg,Non,Non
2022,2210074,800.0,l,Non,Oui
2022,2210116,620.0,l,Non,Non
2022,2210117,225.0,l,Non,Non
2022,2210118,68.0,l,Non,Non
2022,2210128,236868.75,l,Non,Non
2022,2210138,149968.9,l,Non,Non
2022,2210139,12135.0,l,Non,Non
2022,2210142,39.4,kg,Non,Non
2022,2210146,10485.0,l,Non,Non
2022,2210165,47152.0,kg,Non,Non
2022,2210166,845.0,l,Non,Non
2022,2210192,1224827.75,l,Non,Non
2022,2210203,800.0,l,Non,Non
2022,2210219,217647.8,l,Non,Non
2022,2210232,75.0,l,Non,Non
2022,2210244,820.0,l,Non,Non
2022,2210251,12735.66,l,Non,Non
2022,2210324,1423.61,l,Non,Non
2022,2210326,3155.0,kg,Non,Non
2022,2210337,1740.0,l,Non,Non
2022,2210341,20710.0,l,Non,Non
2022,2210348,2840.0,l,Non,Non
2022,2210349,11393.4,l,Non,Non
2022,2210355,143094.88,l,Non,Non
2022,2210378,452.0,l,Non,Non
2022,2210380,207.0,l,Non,Non
2022,2210382,200.0,l,Non,Non
2022,2210389,1823.24,l,Non,Non
2022,2210415,328.0,l,Non,Non
2022,2210423,9080.0,l,Non,Non
2022,2210439,272.0,l,Non,Non
2022,2210443,153604.0,l,Non,Non
2022,2210446,1640.0,l,Non,Non
2022,2210452,14287.3,l,Non,Non
2022,2210470,895.0,l,Non,Non
2022,2210477,4966.24,kg,Non,Non
2022,2210501,3107.99,l,Non,Non
2022,2210539,27.0,l,Non,Non
2022,2210541,141.75,kg,Non,Non
2022,2210558,2410.0,l,Non,Non
2022,2210559,141.0,l,Non,Non
2022,2210563,66.8,l,Oui,Non
2022,2210567,63178.72,l,Non,Non
2022,2210568,91376.0,l,Non,Non
2022,2210571,5.0,l,Non,Non
2022,2210610,134.4,kg,Non,Non
2022,2210614,8274.1,l,Non,Oui
2022,2210615,49740.2001,kg,Non,Non
2022,2210635,368.0,l,Non,Non
2022,2210636,120.0,l,Non,Non
2022,2210699,4497.0,l,Non,Non
2022,2210702,1000.0,l,Non,Non
2022,2210732,6075.0,l,Non,Non
2022,2210742,72800.0,l,Non,Non
2022,2210743,186877.11,l,Non,Oui
2022,2210751,199.95,kg,Non,Non
2022,2210753,81590.0,kg,Non,Non
2022,2210754,199.6,kg,Non,Non
2022,2210758,23200.0,kg,Non,Non
2022,2210790,2940.0,kg,Non,Non
2022,2210797,12817.72,l,Non,Non
2022,2210798,3040.0,l,Non,Non
2022,2210810,624.8,kg,Non,Non
2022,2210812,130.0,l,Non,Non
2022,2210839,11216.0,l,Non,Non
2022,2210840,23730.0,l,Non,Non
2022,2210850,204.0,kg,Non,Non
2022,2210852,548.0,l,Non,Non
2022,2210858,174514.31,l,Non,Non
2022,2210880,11406.5,l,Non,Oui
2022,2210895,91.02,l,Oui,Non
2022,2210927,4000.0,l,Non,Non
2022,2210932,144.0,l,Non,Non
2022,2210940,16950.0,kg,Non,Non
2022,2210942,80.0,l,Non,Non
2022,2210945,1670.0,l,Non,Non
2022,2210975,2460.0,l,Non,Non
2022,2210977,4125.0,l,Non,Non
2022,2210978,3484.0,l,Non,Non
2022,2211018,12709.75,l,Non,Non
2022,2211032,175.0,l,Non,Non
2022,2211133,855.0,l,Non,Non
2022,2211140,19405.0,l,Non,Non
2022,2211143,111.0,l,Non,Non
2022,2219994,1320.0,l,Non,Non
2022,2219995,276.0,kg,Non,Oui
2022,2219999,480.32,l,Non,Non
2022,2220003,6624.84,l,Non,Non
2022,2220023,14180.0,kg,Non,Non
2022,2220043,644.0,kg,Non,Non
2022,2220049,4540.0,l,Non,Non
2022,2220053,790.0,l,Non,Non
2022,2220060,1280.0,l,Non,Non
2022,2220109,2093.0,l,Non,Non
2022,2220129,1260.0,l,Non,Oui
2022,2220141,72.0,kg,Non,Non
2022,2220146,111520.0,l,Non,Non
2022,2220155,6870.0,l,Non,Non
2022,2220210,5332.91,kg,Non,Non
2022,2220224,1045.0,l,Non,Non
2022,2220253,65025.0,l,Non,Non
2022,2220259,710.0,l,Non,Non
2022,2220261,172729.0,l,Non,Non
2022,2220272,11630.0,l,Non,Non
2022,2220277,1300.0,l,Non,Non
2022,2220298,830.0,l,Non,Non
2022,2220312,3764.0,l,Non,Non
2022,2220321,21959.39,l,Non,Non
2022,2220324,97212.73,l,Non,Non
2022,2220429,36.8,kg,Non,Non
2022,2220431,18600.0,l,Non,Non
2022,2220494,40.0,l,Non,Non
2022,2220529,10090.0,l,Non,Non
2022,2220551,8590.0,l,Non,Non
2022,2220619,15.0,kg,Non,Non
2022,2220620,34.0,kg,Non,Non
2022,2220622,10.5,l,Non,Non
2022,2220638,8175.0,l,Non,Non
2022,2220659,960.0,l,Non,Non
2022,2220668,850.0,l,Non,Non
2022,2220688,145.0,l,Non,Non
2022,2220708,5220.0,l,Non,Non
2022,2220753,7492.4998,l,Non,Non
2022,2220766,9960.51,kg,Non,Non
2022,5000014,260.0,kg,Non,Non
2022,5100219,1484176.6598,kg,Non,Non
2022,5500179,19810.5,l,Non,Oui
2022,6000067,20.0,l,Non,Non
2022,6200075,330.0,kg,Non,Non
2022,6200445,439136.0,kg,Non,Non
2022,6400401,13451.9,kg,Non,Oui
2022,6500402,3935.0,l,Non,Non
2022,6600031,448.0,kg,Non,Non
2022,6600074,15.0,l,Oui,Oui
2022,6600501,8020.0,l,Non,Oui
2022,6700395,625.0,kg,Non,Non
2022,6800258,5.0,kg,Non,Non
2022,6800403,29040.0,kg,Non,Non
2022,6900376,1020.0,kg,Oui,Non
2022,6900486,6687.9,l,Oui,Non
2022,7000102,20.0,l,Oui,Non
2022,7100280,177109.4,l,Non,Oui
2022,7200313,257345.6899,l,Non,Non
2022,7200442,20.0,l,Non,Oui
2022,7300221,9830.0,l,Non,Non
2022,7400115,428.0,l,Non,Non
2022,7400610,4.21,l,Oui,Non
2022,7400619,18.22,kg,Non,Non
2022,7400634,6.6,kg,Non,Non
2022,7400650,195.0,l,Non,Non
2022,7400755,37190.0,kg,Non,Non
2022,7400815,927.7,l,Non,Oui
2022,7500004,0.5,l,Oui,Non
2022,7500071,5.0,kg,Non,Non
2022,7500540,0.3,kg,Oui,Non
2022,7500569,59.0,kg,Non,Non
2022,7500589,15.0,kg,Non,Non
2022,7500716,304683.0,kg,Non,Non
2022,7600008,20883.0,l,Non,Oui
2022,7600310,411110.0,kg,Non,Oui
2022,7600557,195.0,l,Non,Non
2022,7700078,265.0,l,Non,Non
2022,7700216,448606.9397,l,Non,Non
2022,7700568,2050.0,kg,Oui,Non
2022,7700703,145220.0,l,Non,Non
2022,7700706,74550.0,kg,Non,Non
2022,7700741,1.0,l,Non,Non
2022,7800132,12460.0,l,Non,Non
2022,7800305,17020.0,kg,Non,Non
2022,7900200,1.4,kg,Oui,Non
2022,7900323,1280.0,l,Non,Non
2022,7900708,127851.4599,l,Non,Oui
2022,7900753,55487.9,l,Non,Oui
2022,8000084,134306.5,l,Non,Oui
2022,8000350,125.0,kg,Non,Non
2022,8100006,1922.0,l,Non,Non
2022,8100236,33.75,kg,Oui,Non
2022,8100283,424.5,l,Non,Non
2022,8100291,38394.0,l,Non,Non
2022,8100345,12645.72,kg,Non,Oui
2022,8100444,1.0,l,Non,Non
2022,8100462,1265.2,kg,Non,Non
2022,8100472,856.0,l,Non,Non
2022,8200024,15900.0,kg,Non,Non
2022,8200124,80.0,l,Non,Non
2022,8200216,2.0,l,Non,Non
2022,8200489,622.0,l,Non,Non
2022,8200538,13680.43,l,Non,Non
2022,8200575,177.0,l,Non,Non
2022,8300025,4458.0,l,Non,Oui
2022,8300063,501234.5,l,Non,Non
2022,8300214,5.0,l,Non,Non
2022,8300243,90.0,l,Non,Non
2022,8300488,310260.0,l,Non,Oui
2022,8400096,80032.0,l,Non,Non
2022,8400098,0.1,l,Oui,Non
2022,8400255,14646.74,kg,Non,Oui
2022,8400364,3.48,l,Oui,Non
2022,8400425,111808.39,kg,Non,Oui
2022,8400477,28.79,kg,Non,Non
2022,8400491,3.0,l,Non,Non
2022,8400520,1338.0,kg,Non,Non
2022,8400521,70.0,l,Non,Non
2022,8400528,153692.9,l,Non,Oui
2022,8400574,1136141.05,l,Non,Oui
2022,8400579,25.0,l,Non,Non
2022,8400600,20219.03,l,Non,Oui
2022,8500011,200.0,l,Non,Non
2022,8500023,530.0,kg,Non,Non
2022,8500160,1790.0,l,Non,Non
2022,8500174,3173.05,l,Non,Oui
2022,8500183,18.4,kg,Oui,Oui
2022,8500194,132.0,l,Non,Non
2022,8500198,29.0,l,Oui,Non
2022,8500205,0.5,l,Non,Oui
2022,8500321,1815.0,kg,Non,Non
2022,8500347,12.0,kg,Oui,Non
2022,8500351,34.04,kg,Non,Non
2022,8500352,5.6,kg,Non,Non
2022,8500354,0.08,kg,Non,Non
2022,8500408,270.0,l,Non,Non
2022,8500412,36870.0,kg,Non,Non
2022,8500469,9.0,kg,Non,Non
2022,8500470,1124898.0,l,Non,Non
2022,8500493,1145.0,l,Non,Non
2022,8600014,4.0,kg,Oui,Non
2022,8600027,150.0,kg,Non,Non
2022,8600031,580.0,l,Non,Non
2022,8600063,489.72,kg,Oui,Non
2022,8600068,0.53,l,Non,Non
2022,8600232,70415.96,l,Non,Non
2022,8600243,472795.11,l,Non,Oui
2022,8600244,120.0,l,Non,Oui
2022,8600262,15.6,kg,Oui,Non
2022,8600313,42152.5,l,Non,Non
2022,8600330,1074.0,l,Non,Non
2022,8600349,375.1,kg,Oui,Non
2022,8600389,1300.0,l,Non,Non
2022,8600395,986.6,kg,Oui,Non
2022,8600659,1.0,kg,Oui,Non
2022,8600664,3071.0,kg,Non,Non
2022,8600679,645.0,kg,Non,Non
2022,8700002,624954.83,l,Non,Oui
2022,8700019,100.0,l,Non,Non
2022,8700020,246550.22,l,Non,Non
2022,8700035,22685.8,l,Non,Oui
2022,8700102,35.0,l,Non,Non
2022,8700107,561417.0101,kg,Non,Oui
2022,8700111,1091.2,kg,Non,Non
2022,8700117,17.0,kg,Non,Non
2022,8700118,2728.5,l,Non,Non
2022,8700196,9049.52,l,Non,Non
2022,8700304,168.0,kg,Non,Non
2022,8700408,20.0,l,Non,Non
2022,8700444,12.0,l,Non,Non
2022,8700449,2260.0,l,Non,Non
2022,8700458,394.47,l,Non,Non
2022,8700462,4772223.7495,l,Non,Oui
2022,8700472,7.5,l,Non,Non
2022,8700506,20.0,l,Non,Non
2022,8700525,359.24,kg,Non,Non
2022,8700621,3.25,l,Non,Non
2022,8700746,1.0,kg,Non,Non
2022,8800001,7.0,kg,Non,Non
2022,8800011,1151.38,l,Non,Non
2022,8800028,341.3,l,Non,Non
2022,8800029,891252.1298,l,Non,Oui
2022,8800099,80.0,kg,Non,Non
2022,8800108,6952.5,l,Non,Non
2022,8800142,2.0,l,Non,Non
2022,8800161,751272.67,l,Non,Oui
2022,8800199,145070.18,l,Non,Non
2022,8800395,452666.25,l,Non,Oui
2022,8800417,15286.0,l,Non,Non
2022,8800423,250.0,kg,Non,Non
2022,8800469,59.57,l,Oui,Non
2022,8800502,30.0,kg,Non,Non
2022,8800504,15248.88,l,Non,Non
2022,8800519,2682.76,kg,Non,Non
2022,8800603,112444.5,l,Non,Non
2022,8800671,100.0,kg,Non,Non
2022,8800827,6071.66,l,Non,Non
2022,8800841,27773.07,l,Non,Non
2022,8800843,0.25,kg,Non,Non
2022,8800941,69814.01,kg,Non,Non
2022,8900124,51.0,kg,Non,Non
2022,8900137,9480.0,l,Non,Non
2022,8900204,65.0,l,Non,Non
2022,8900261,780.0,l,Non,Non
2022,8900338,267.3,kg,Non,Oui
2022,8900374,1.0,l,Non,Non
2022,8900564,165916.78,l,Non,Oui
2022,8900620,29415.0,l,Non,Non
2022,8900681,148967.31,l,Non,Oui
2022,8900685,9740.61,kg,Non,Oui
2022,8900700,17300.0,kg,Oui,Non
2022,9000069,79743.1,l,Non,Oui
2022,9000144,995.0,l,Non,Non
2022,9000163,1921.71,kg,Non,Oui
2022,9000171,4.8,l,Oui,Non
2022,9000184,705259.74,l,Non,Oui
2022,9000198,3205.0,l,Non,Non
2022,9000222,2930064.6791,l,Non,Oui
2022,9000259,2670.8,kg,Non,Oui
2022,9000277,97343.0,kg,Non,Non
2022,9000282,266706.0,l,Non,Non
2022,9000359,3.2,kg,Oui,Non
2022,9000360,35.78,kg,Oui,Non
2022,9000361,349.1,kg,Non,Non
2022,9000362,216.0,kg,Non,Non
2022,9000450,1400.0,kg,Non,Non
2022,9000451,170.0,l,Non,Non
2022,9000490,590516.81,l,Non,Oui
2022,9000510,1.29,kg,Non,Non
2022,9000594,2.0,kg,Non,Non
2022,9000605,875.0,l,Non,Non
2022,9000619,524834.4298,l,Non,Non
2022,9000741,134622.84,l,Non,Non
2022,9000743,2535.0,l,Non,Non
2022,9000753,149875.4,kg,Non,Non
2022,9000833,139542.52,l,Non,Non
2022,9100034,788463.93,l,Non,Oui
2022,9100046,13933.8,l,Non,Oui
2022,9100065,115.0,l,Non,Non
2022,9100071,61.0,l,Non,Non
2022,9100155,145.0,l,Non,Non
2022,9100156,5.0,l,Non,Non
2022,9100225,105.0,l,Non,Non
2022,9100231,1.4,kg,Oui,Non
2022,9100286,55.0,kg,Non,Oui
2022,9100296,596481.36,l,Non,Oui
2022,9100409,25.0,l,Non,Non
2022,9100418,103929.64,l,Non,Oui
2022,9100438,190.0,l,Non,Non
2022,9100482,360.0,l,Non,Non
2022,9100505,11.5,l,Non,Non
2022,9100525,750.5,kg,Non,Non
2022,9100554,387.0,kg,Non,Non
2022,9100558,0.75,kg,Non,Non
2022,9100636,4585.0,l,Non,Oui
2022,9100637,1.88,kg,Oui,Non
2022,9100645,25625.0,l,Non,Non
2022,9100704,16.0,l,Oui,Oui
2022,9120277,10.0,kg,Oui,Non
2022,9120616,648.0,kg,Oui,Non
2022,9200022,500.0,l,Non,Non
2022,9200024,8215.0,l,Non,Non
2022,9200056,2.0,kg,Non,Non
2022,9200058,48.6,kg,Non,Non
2022,9200060,301.8,kg,Non,Non
2022,9200062,28.0,kg,Non,Non
2022,9200073,7062.27,kg,Non,Oui
2022,9200078,6420.0,l,Non,Non
2022,9200086,1764.0,kg,Non,Non
2022,9200091,52.03,l,Non,Non
2022,9200135,81.0,kg,Oui,Non
2022,9200145,1.2,l,Oui,Non
2022,9200159,37886.76,l,Non,Non
2022,9200193,43.5,l,Non,Non
2022,9200214,983184.5097,kg,Non,Oui
2022,9200215,106721.56,kg,Non,Non
2022,9200235,73820.0,l,Non,Non
2022,9200253,700.0,kg,Non,Non
2022,9200262,469.61,l,Non,Non
2022,9200293,1420.0,l,Non,Non
2022,9200306,11.65,l,Non,Non
2022,9200313,47.0,l,Non,Non
2022,9200317,3130.0,l,Non,Non
2022,9200359,22278.1,kg,Non,Non
2022,9200379,4809.0,l,Non,Non
2022,9200380,138695.0,kg,Non,Oui
2022,9200383,19.5,kg,Non,Non
2022,9200392,5.0,l,Non,Non
2022,9200436,115514.85,l,Non,Oui
2022,9200461,130.0,l,Non,Non
2022,9200482,23245.14,kg,Non,Oui
2022,9200494,1525.4,l,Non,Non
2022,9200532,33250.02,l,Non,Non
2022,9200548,2497.74,l,Non,Non
2022,9300005,49665.0,kg,Non,Non
2022,9300009,3290.0,kg,Non,Non
2022,9300020,8.0,l,Non,Non
2022,9300027,180.0,l,Oui,Non
2022,9300032,12340.99,l,Non,Non
2022,9300034,4.0,l,Non,Non
2022,9300108,102839.0,kg,Non,Oui
2022,9300111,0.02,l,Oui,Non
2022,9300113,2.0,l,Non,Non
2022,9300143,87615.51,kg,Non,Non
2022,9300145,680.0,l,Oui,Non
2022,9300186,14228.08,kg,Non,Non
2022,9300189,6453.0,l,Non,Non
2022,9300241,125.0,l,Non,Non
2022,9300257,4412.56,l,Non,Non
2022,9300270,298.8,l,Non,Non
2022,9300279,84.2,kg,Non,Non
2022,9300284,600.0,l,Non,Non
2022,9300285,2134.0,l,Non,Non
2022,9300301,10.75,l,Oui,Non
2022,9300305,25590.04,l,Non,Non
2022,9300309,63.6,l,Non,Non
2022,9300322,215392.3099,l,Non,Oui
2022,9300326,39.8,kg,Oui,Non
2022,9300335,111225.0,l,Non,Non
2022,9300379,20.8,kg,Oui,Oui
2022,9300395,50.0,l,Non,Non
2022,9300396,24707.21,l,Non,Oui
2022,9300401,80.0,l,Non,Non
2022,9300403,700.0,l,Non,Non
2022,9300412,1200.93,kg,Non,Non
2022,9300413,61.0,kg,Oui,Non
2022,9300487,510239.0301,l,Non,Oui
2022,9300490,3575.0,kg,Non,Non
2022,9300504,1540489.0,l,Non,Non
2022,9300534,5.0,l,Non,Non
2022,9300571,32116.1,kg,Non,Non
2022,9400008,5329.52,l,Non,Oui
2022,9400012,49797.03,l,Non,Oui
2022,9400039,96.6,l,Oui,Non
2022,9400052,355460.05,l,Non,Oui
2022,9400067,9.0,kg,Non,Non
2022,9400076,117.5,l,Non,Oui
2022,9400080,2.0,l,Non,Non
2022,9400083,8453.0,l,Non,Non
2022,9400085,169387.86,l,Non,Oui
2022,9400096,43.0,l,Non,Oui
2022,9400109,2560.0,kg,Non,Non
2022,9400133,605.0,l,Non,Non
2022,9400134,164.0,l,Non,Non
2022,9400145,111.5,l,Non,Non
2022,9400162,23983.6099,l,Non,Non
2022,9400177,20.0,kg,Non,Non
2022,9400196,1652.4,kg,Non,Non
2022,9400202,17748.0001,kg,Non,Non
2022,9400235,53.0,l,Oui,Non
2022,9400280,72374.35,kg,Non,Oui
2022,9400336,93095.0,l,Non,Oui
2022,9400346,70.0,kg,Non,Non
2022,9400367,2005.0,l,Non,Non
2022,9400456,21.0,kg,Oui,Non
2022,9400460,10080.0,kg,Non,Non
2022,9400462,986.78,kg,Non,Non
2022,9400463,453537.5302,l,Non,Oui
2022,9400478,5.0,l,Non,Oui
2022,9400482,375.0,l,Non,Non
2022,9400485,45750.51,l,Non,Oui
2022,9400494,772.0,l,Non,Oui
2022,9400495,10517.0,l,Oui,Non
2022,9400496,625.0,l,Non,Oui
2022,9400535,4970.0,l,Non,Non
2022,9400555,56417.26,l,Non,Non
2022,9420113,104.0,kg,Non,Non
2022,9500011,1210.0,l,Non,Non
2022,9500016,1270.0,l,Non,Non
2022,9500040,184556.18,l,Non,Non
2022,9500043,440.0,kg,Non,Non
2022,9500071,21.0,l,Non,Non
2022,9500106,3.0,l,Non,Non
2022,9500126,222.0,l,Non,Non
2022,9500135,1229.59,kg,Oui,Non
2022,9500136,1.5,kg,Non,Non
2022,9500147,20251.25,kg,Oui,Oui
2022,9500150,3.0,l,Non,Non
2022,9500152,10332.0,l,Non,Non
2022,9500158,175.45,l,Non,Non
2022,9500159,150.0,l,Oui,Non
2022,9500199,6357.5,l,Non,Non
2022,9500219,15.0,l,Non,Non
2022,9500223,6128.2,l,Non,Non
2022,9500234,14450.4,l,Non,Oui
2022,9500281,23994.0,kg,Oui,Non
2022,9500296,15.0,kg,Oui,Oui
2022,9500302,28948.61,kg,Oui,Oui
2022,9500321,7366.8,kg,Non,Non
2022,9500323,20262.0,kg,Non,Non
2022,9500326,407.16,kg,Non,Non
2022,9500328,2471.04,kg,Non,Non
2022,9500341,7213.81,kg,Oui,Oui
2022,9500349,6601.08,l,Non,Oui
2022,9500361,17130.52,kg,Non,Oui
2022,9500364,6.3,l,Oui,Non
2022,9500414,9.85,l,Non,Non
2022,9500432,1816.0,l,Non,Non
2022,9500452,286318.29,kg,Non,Oui
2022,9500467,676.07,kg,Non,Non
2022,9500480,425.0,kg,Non,Non
2022,9500484,22.0,l,Oui,Non
2022,9500485,655.8,l,Oui,Non
2022,9500541,175.0,l,Non,Non
2022,9500562,20.0,l,Oui,Non
2022,9500568,58564.31,kg,Non,Oui
2022,9500581,1615.0,l,Non,Non
2022,9500595,11459.0,l,Non,Non
2022,9500628,102901.93,kg,Non,Oui
2022,9500629,3622.0,kg,Non,Oui
2022,9500642,4360.0,l,Non,Non
2022,9500645,1.0,l,Non,Non
2022,9500649,644825.17,kg,Non,Oui
2022,9600001,123448.36,kg,Non,Non
2022,9600022,58.02,l,Non,Non
2022,9600025,31672.8,kg,Non,Oui
2022,9600056,1.0,kg,Non,Non
2022,9600091,21.0,kg,Oui,Non
2022,9600093,423427.23,l,Non,Oui
2022,9600097,445.8,l,Oui,Non
2022,9600103,120.0,kg,Non,Non
2022,9600116,46400.0,kg,Non,Oui
2022,9600141,0.8,l,Oui,Non
2022,9600147,18.57,l,Non,Non
2022,9600194,15.0,l,Non,Non
2022,9600195,7548.65,l,Non,Non
2022,9600197,2668.04,kg,Non,Non
2022,9600199,9040.0,kg,Non,Oui
2022,9600229,106359.26,l,Non,Non
2022,9600232,200.0,l,Non,Non
2022,9600233,10990.0,l,Non,Non
2022,9600273,75.0,l,Non,Non
2022,9600299,24.0,kg,Oui,Non
2022,9600312,445.0,l,Non,Non
2022,9600319,3.2,l,Oui,Non
2022,9600320,12.6,l,Oui,Non
2022,9600344,10.0,l,Non,Oui
2022,9600368,4864.0,kg,Non,Non
2022,9600370,425712.98,l,Non,Oui
2022,9600385,0.2,l,Oui,Non
2022,9600386,341.15,kg,Non,Non
2022,9600390,1040789.0,l,Non,Non
2022,9600395,17653.18,kg,Non,Non
2022,9600398,1093.59,kg,Non,Non
2022,9600422,542.0,l,Non,Non
2022,9600433,24.0,kg,Non,Non
2022,9600434,17796.0,kg,Non,Non
2022,9600488,3.0,kg,Oui,Non
2022,9600512,266623.3,kg,Non,Non
2022,9600516,468.0,kg,Non,Non
2022,9600526,176.76,kg,Non,Non
2022,9600548,10512.0,l,Non,Non
2022,9600550,3819.24,l,Non,Non
2022,9700027,406.25,kg,Non,Non
2022,9700060,14.0,l,Non,Non
2022,9700067,980.0,kg,Non,Non
2022,9700070,5390.51,kg,Non,Non
2022,9700076,59480.0,kg,Non,Non
2022,9700110,1.0,kg,Non,Oui
2022,9700114,83435.0,kg,Non,Non
2022,9700116,273.0,l,Non,Non
2022,9700118,0.8,kg,Non,Non
2022,9700123,0.8,kg,Non,Non
2022,9700139,120.0,l,Non,Non
2022,9700179,0.3,kg,Non,Non
2022,9700214,503.12,kg,Non,Non
2022,9700216,0.6,l,Non,Non
2022,9700232,124.0,kg,Oui,Non
2022,9700236,105.0,l,Non,Oui
2022,9700278,8.0,kg,Non,Non
2022,9700282,558.8,l,Non,Non
2022,9700320,264.0,l,Non,Non
2022,9700329,10.0,l,Non,Non
2022,9700332,62514.41,l,Non,Oui
2022,9700338,60.0,l,Non,Non
2022,9700343,840.0,kg,Non,Non
2022,9700350,545.0,l,Non,Non
2022,9700352,60.0,l,Non,Non
2022,9700354,330.0,kg,Non,Non
2022,9700355,2286.0,l,Non,Non
2022,9700357,703.25,l,Non,Non
2022,9700358,2.25,kg,Oui,Non
2022,9700396,2.0,l,Non,Non
2022,9700401,165998.13,kg,Non,Non
2022,9700412,120.0,l,Non,Non
2022,9700420,40.0,l,Non,Non
2022,9700442,4.0,l,Non,Non
2022,9700448,25305.0,kg,Non,Non
2022,9700454,300.0,kg,Non,Non
2022,9700463,4118.54,kg,Non,Non
2022,9700519,53365.0,l,Non,Non
2022,9700551,20.0,kg,Non,Non
2022,9700552,41.0,l,Non,Non
2022,9700558,80.0,l,Non,Non
2022,9700578,690.0,kg,Non,Non
2022,9800018,419437.2,l,Non,Non
2022,9800076,17034.75,l,Non,Non
2022,9800085,14522.0,l,Non,Non
2022,9800093,90.0,l,Non,Non
2022,9800096,411781.6,l,Non,Non
2022,9800098,26328.0,kg,Non,Non
2022,9800100,414645.07,l,Non,Oui
2022,9800106,14126.62,kg,Non,Oui
2022,9800107,76.3,l,Oui,Non
2022,9800120,295.0,l,Non,Non
2022,9800126,47179.25,kg,Non,Oui
2022,9800144,2177.81,kg,Non,Oui
2022,9800168,2217.0,l,Non,Non
2022,9800182,345540.3,l,Non,Oui
2022,9800185,1.0,kg,Non,Non
2022,9800198,18.0,l,Non,Non
2022,9800201,5015.0,l,Non,Non
2022,9800207,2079.27,kg,Non,Non
2022,9800210,87784.9701,l,Non,Non
2022,9800219,16729.0,l,Non,Non
2022,9800235,1690.0,l,Non,Non
2022,9800236,10.0,l,Non,Non
2022,9800244,14152.83,kg,Non,Oui
2022,9800245,4826406.6481,kg,Non,Oui
2022,9800259,203664.95,l,Non,Non
2022,9800262,1460.44,kg,Non,Oui
2022,9800277,6908.42,l,Non,Oui
2022,9800280,13.0,l,Non,Non
2022,9800289,3301.25,l,Non,Oui
2022,9800294,6940.0,l,Non,Non
2022,9800304,39413.38,l,Non,Non
2022,9800307,1.0,l,Non,Non
2022,9800320,2126.9,kg,Non,Non
2022,9800327,55.0,l,Non,Non
2022,9800330,3.0,kg,Non,Non
2022,9800336,303289.36,l,Non,Oui
2022,9800337,6590.0,l,Non,Non
2022,9800343,43019.02,l,Non,Non
2022,9800344,4987.77,l,Non,Non
2022,9800347,2518.0,l,Non,Non
2022,9800374,350.58,kg,Non,Non
2022,9800392,170.0,l,Non,Non
2022,9800395,105.0,kg,Non,Non
2022,9800396,5.0,l,Oui,Non
2022,9800400,1400.0,kg,Non,Non
2022,9800401,6.41,l,Oui,Non
2022,9800402,54.58,l,Oui,Non
2022,9800414,605.0,l,Non,Non
2022,9800420,70896.04,l,Non,Oui
2022,9800421,1681.65,l,Non,Non
2022,9800432,48.0,l,Oui,Non
2022,9800452,1.0,l,Non,Non
2022,9800453,80.0,l,Non,Non
2022,9800458,9108.0,l,Non,Non
2022,9800466,58.0,l,Non,Non
2022,9800474,1445285.5304,kg,Non,Oui
2022,9800477,5.0,l,Non,Non
2022,9800481,41098.09,l,Non,Non
2022,9800483,50.4,kg,Non,Non
2022,9800484,1497.0,l,Non,Non
2022,9800496,230.0,l,Non,Non
2022,9800514,23.74,kg,Non,Non
2022,9800555,50.0,l,Non,Non
2022,9900013,15.0,kg,Non,Non
2022,9900014,725.25,l,Non,Non
2022,9900016,10.0,l,Non,Non
2022,9900037,15471.63,kg,Non,Non
2022,9900047,145107.88,l,Non,Oui
2022,9900081,1677.76,kg,Non,Non
2022,9900087,360.0,kg,Non,Non
2022,9900092,1265.0,l,Non,Non
2022,9900115,356835.9,l,Non,Oui
2022,9900119,5.6,kg,Non,Non
2022,9900123,1136.13,kg,Non,Non
2022,9900129,650.0,l,Non,Non
2022,9900134,1.2,l,Oui,Non
2022,9900154,340.0,kg,Non,Non
2022,9900158,2155.0,l,Non,Non
2022,9900184,17.5,l,Non,Non
2022,9900189,72595.0,kg,Non,Non
2022,9900202,12911.26,kg,Non,Non
2022,9900206,77.0,l,Non,Non
2022,9900227,298497.3,l,Non,Non
2022,9900242,460.0,kg,Non,Non
2022,9900251,739590.59,l,Non,Oui
2022,9900257,110255.1,kg,Oui,Oui
2022,9900262,193.8,kg,Non,Non
2022,9900282,55.46,l,Oui,Non
2022,9900289,59.5,kg,Non,Non
2022,9900331,5.0,l,Non,Non
2022,9900340,197896.45,l,Non,Non
2022,9900350,1.4,l,Non,Non
2022,9900353,4.0,kg,Non,Oui
2022,9900354,42090.0,kg,Non,Non
2022,9900360,25.0,kg,Oui,Non
2022,9900371,42.27,kg,Oui,Non
2022,9900390,40.0,l,Non,Non
2022,9900394,20.0,l,Non,Oui
2022,9900395,27.0,kg,Non,Oui
2022,9900398,272.0,kg,Non,Non
2022,9900401,10.0,l,Non,Non
2022,9900411,265.0,l,Non,Non
2022,9900412,5087.9,l,Non,Non
2022,9900446,72141.0701,kg,Non,Oui
